word,class,level,meaning_vi
a,indefinite article,a1,một
abandon,verb,b2,bỏ rơi
ability,noun,a2,khả năng
able,adjective,a2,có thể
abolish,verb,c1,bãi bỏ
abortion,noun,c1,phá thai
about,adverb,a1,xung quanh
about,preposition,a1,về
above,adverb,a1,trên đầu
above,preposition,a1,ở trên
abroad,adverb,a2,ở nước ngoài
absence,noun,c1,sự vắng mặt
absent,adjective,c1,vắng mặt
absolute,adjective,b2,tuyệt đối
absolutely,adverb,b1,tuyệt đối
absorb,verb,b2,hấp thụ
abstract,adjective,b2,trừu tượng
absurd,adjective,c1,vô lý
abundance,noun,c1,sự phong phú
abuse,noun,c1,sự lạm dụng
abuse,verb,c1,lạm dụng
academic,adjective,b1,học viện
academic,noun,b2,hội viên học viện
academy,noun,c1,học viện
accelerate,verb,c1,tăng tốc
accent,noun,b2,giọng
accept,verb,a2,chấp nhận
acceptable,adjective,b2,chấp nhận được
acceptance,noun,c1,sự chấp nhận
access,noun,b1,lối vào
access,verb,b1,truy cập
accessible,adjective,c1,có thể truy cập
accident,noun,a2,tai nạn
accidentally,adverb,b2,vô tình
accommodate,verb,b2,chứa đựng
accommodation,noun,b1,chỗ ở
accompany,verb,b2,đi cùng
accomplish,verb,b2,hoàn thành
accomplishment,noun,c1,thành tựu
accordance,noun,c1,phù hợp
according to,preposition,a2,theo
accordingly,adverb,c1,tương ứng
account,noun,b1,sự tính toán
account,verb,b2,coi
accountability,noun,c1,trách nhiệm giải trình
accountable,adjective,c1,chịu trách nhiệm
accountant,noun,b2,nhân viên kế toán
accounting,noun,,kế toán
accumulate,verb,c1,tích lũy
accumulation,noun,c1,sự tích lũy
accuracy,noun,b2,độ chính xác
accurate,adjective,b2,chính xác
accurately,adverb,b2,chính xác
accusation,noun,c1,lời buộc tội
accuse,verb,b2,buộc tội
accused,noun,c1,bị cáo
achieve,verb,a2,đạt được
achievement,noun,b1,thành tích
acid,adjective,c1,axit
acid,noun,b2,axit
acknowledge,verb,b2,thừa nhận
acquire,verb,b2,thu được
acquisition,noun,c1,sự mua lại
acre,noun,c1,mẫu anh
across,adverb,a1,qua
across,preposition,a1,qua
act,noun,b1,hành động
act,verb,a2,đóng vai
action,noun,a1,hành động
activate,verb,b2,kích hoạt
activation,noun,c1,kích hoạt
active,adjective,a2,hoạt động
activist,noun,c1,nhà hoạt động
activity,noun,a1,hoạt động
actor,noun,a1,diễn viên
actress,noun,a1,nữ diễn viên
actual,adjective,b2,thực tế
actually,adverb,a2,thực sự
acute,adjective,c1,cấp tính
ad,noun,b1,quảng cáo
adapt,verb,b2,thích nghi
adaptation,noun,c1,sự thích nghi
add,verb,a1,thêm
addiction,noun,b2,chứng nghiện
addition,noun,b1,phép cộng
additional,adjective,b2,bổ sung
additionally,adverb,b2,thêm nữa
address,noun,a1,địa chỉ
address,verb,b2,đề địa chỉ
adequate,adjective,b2,đầy đủ
adequately,adverb,b2,đầy đủ
adhere,verb,c1,tuân theo
adjacent,adjective,c1,liền kề
adjust,verb,b2,điều chỉnh
adjustment,noun,c1,sự điều chỉnh
administer,verb,c1,quản lý
administration,noun,b2,hành chính
administrative,adjective,c1,hành chính
administrator,noun,c1,quản trị viên
admire,verb,b1,ngưỡng mộ
admission,noun,c1,sự nhập học
admit,verb,b1,thừa nhận
adolescent,noun,c1,thanh thiếu niên
adopt,verb,b2,nhận nuôi
adoption,noun,c1,sự nhận con nuôi
adult,adjective,a2,trưởng thành
adult,noun,a1,người lớn
advance,adjective,b2,tiến lên
advance,noun,b2,sự tiến lên
advance,verb,b2,đưa lên
advanced,adjective,b1,nâng cao
advantage,noun,a2,lợi thế
adventure,noun,a2,cuộc phiêu lưu
adverse,adjective,c1,bất lợi
advertise,verb,a2,quảng cáo
advertisement,noun,a2,quảng cáo
advertising,noun,a2,quảng cáo
advice,noun,a1,lời khuyên
advise,verb,b1,khuyên nhủ
advocate,noun,c1,người biện hộ
advocate,verb,c1,biện hộ
aesthetic,adjective,c1,thẩm mỹ
affair,noun,b2,chuyện
affect,verb,a2,ảnh hưởng
affection,noun,c1,tình cảm
afford,verb,b1,đủ khả năng
affordable,adjective,b2,giá cả phải chăng
afraid,adjective,a1,sợ hãi
after,adverb,a2,sau
after,conjunction,a2,sau khi
after,preposition,a1,sau
aftermath,noun,c1,hậu quả
afternoon,noun,a1,buổi chiều
afterwards,adverb,b2,sau đó
again,adverb,a1,một lần nữa
against,preposition,a2,chống lại
age,noun,a1,tuổi
age,verb,b1,tuổi
aged,adjective,b1,già
agency,noun,b2,cơ quan
agenda,noun,b2,chương trình nghị sự
agent,noun,b1,đại lý
aggression,noun,c1,sự hung hăng
aggressive,adjective,b2,hung hăng
ago,adverb,a1,trước đây
agree,verb,a1,đồng ý
agreement,noun,b1,thỏa thuận
agricultural,adjective,c1,nông nghiệp
agriculture,noun,b2,nông nghiệp
ah,exclamation,a2,à
ahead,adverb,b1,phía trước
aid,noun,b2,sự giúp đỡ
aid,verb,b2,viện trợ
aide,noun,c1,phụ tá
AIDS,noun,b2,aids
aim,noun,b1,sự nhắm
aim,verb,b1,nhắm
air,noun,a1,không khí
aircraft,noun,b2,máy bay
airline,noun,a2,hãng hàng không
airport,noun,a1,sân bay
alarm,noun,b1,sự báo động
alarm,verb,b2,báo động
albeit,conjunction,c1,mặc dù
album,noun,b1,album
alcohol,noun,b1,rượu
alcoholic,adjective,b1,rượu
alert,adjective,c1,tỉnh táo
alert,noun,c1,sự báo động
alert,verb,c1,cảnh báo
alien,adjective,c1,nước ngoài
alien,noun,b2,người xa lạ
align,verb,c1,căn chỉnh
alignment,noun,c1,sự sắp xếp
alike,adjective,c1,giống
alike,adverb,c1,giống nhau
alive,adjective,a2,còn sống
all,adverb,a2,hoàn toàn
all,determiner,a1,tất cả
all,pronoun,a1,tất cả
all right,adjective,a2,xem được
all right,adverb,a2,được rồi
all right,exclamation,a2,được rồi
allegation,noun,c1,lời cáo buộc
allege,verb,c1,cáo buộc
allegedly,adverb,c1,được cho là
alliance,noun,c1,liên minh
allocate,verb,c1,phân bổ
allocation,noun,c1,sự phân bổ
allow,verb,a2,cho phép
allowance,noun,c1,phụ cấp
ally,noun,c1,đồng minh
almost,adverb,a2,gần như
alone,adjective,a2,một mình
alone,adverb,a2,một mình
along,adverb,a2,theo chiều dài
along,preposition,a2,dọc theo
alongside,preposition,b2,bên cạnh
already,adverb,a2,đã
also,adverb,a1,cũng
alter,verb,b2,thay đổi
alternative,adjective,b1,xen nhau
alternative,noun,a2,vật thay thế
although,conjunction,a2,mặc dù
altogether,adverb,b2,hoàn toàn
aluminium,noun,c1,nhôm
always,adverb,a1,luôn luôn
amateur,adjective,c1,nghiệp dư
amateur,noun,c1,tài tử
amazed,adjective,b1,ngạc nhiên
amazing,adjective,a1,tuyệt vời
ambassador,noun,c1,đại sứ
ambition,noun,b1,tham vọng
ambitious,adjective,b1,đầy tham vọng
ambulance,noun,b2,xe cứu thương
amend,verb,c1,sửa đổi
amendment,noun,c1,sửa đổi
amid,preposition,c1,ở giữa
among,preposition,a2,trong số
amount,noun,a2,số lượng
amount,verb,b2,lên đến
amusing,adjective,b2,thú vị
analogy,noun,c1,sự tương tự
analyse,verb,b1,phân tích
analysis,noun,b1,phân tích
analyst,noun,b2,nhà phân tích
ancestor,noun,b2,tổ tiên
anchor,noun,c1,mỏ neo
ancient,adjective,a2,cổ xưa
and,conjunction,a1,và
angel,noun,c1,thiên thần
anger,noun,b2,sự tức giận
angle,noun,b2,góc
angrily,adverb,,giận dữ
angry,adjective,a1,tức giận
animal,noun,a1,động vật
animation,noun,b2,hoạt hình
ankle,noun,a2,mắt cá chân
anniversary,noun,b2,ngày kỷ niệm
announce,verb,b1,thông báo
announcement,noun,b1,thông báo
annoy,verb,b1,khó chịu
annoyed,adjective,b1,khó chịu
annoying,adjective,b1,khó chịu
annual,adjective,b2,hàng năm
annually,adverb,b2,hàng năm
anonymous,adjective,c1,vô danh
another,determiner,a1,cái khác
another,pronoun,a1,người khác
answer,noun,a1,sự trả lời
answer,verb,a1,trả lời
anticipate,verb,b2,đoán trước
anxiety,noun,b2,sự lo lắng
anxious,adjective,b2,lo lắng
any,adverb,a2,một
any,determiner,a1,bất kỳ
any,pronoun,a1,một
any more,adverb,a2,nữa
anybody,pronoun,a2,bất cứ ai
anyone,pronoun,a1,bất cứ ai
anything,pronoun,a1,bất cứ điều gì
anyway,adverb,a2,dù sao đi nữa
anywhere,adverb,a2,bất kỳ chỗ nào
anywhere,pronoun,a2,bất cứ nơi nào
apart,adverb,b1,tách biệt
apartment,noun,a1,căn hộ
apologize,verb,b1,xin lỗi
apology,noun,b2,lời xin lỗi
app,noun,a2,ứng dụng
apparatus,noun,c1,bộ máy
apparent,adjective,b2,rõ ràng
apparently,adverb,b2,rõ ràng
appeal,noun,b2,sự kêu gọi
appeal,verb,b2,kêu gọi
appealing,adjective,c1,hấp dẫn
appear,verb,a2,xuất hiện
appearance,noun,a2,ngoại hình
appetite,noun,c1,sự thèm ăn
applaud,verb,c1,vỗ tay
apple,noun,a1,quả táo
applicable,adjective,c1,có thể áp dụng
applicant,noun,b2,người nộp đơn
application,noun,b1,ứng dụng
apply,verb,a2,áp dụng
appoint,verb,c1,bổ nhiệm
appointment,noun,b1,cuộc hẹn
appreciate,verb,b1,đánh giá cao
appreciation,noun,c1,đánh giá cao
approach,noun,b2,sự đến gần
approach,verb,b2,đến gần
appropriate,adjective,b2,thích hợp
appropriately,adverb,b2,một cách thích hợp
approval,noun,b2,sự chấp thuận
approve,verb,b2,chấp thuận
approximately,adverb,b1,khoảng
April,noun,a1,tháng tư
arbitrary,adjective,c1,tùy ý
architect,noun,a2,kiến trúc sư
architectural,adjective,c1,kiến trúc
architecture,noun,a2,kiến trúc
archive,noun,c1,kho lưu trữ
area,noun,a1,khu vực
arena,noun,c1,đấu trường
arguably,adverb,c1,có thể cho là
argue,verb,a2,tranh luận
argument,noun,a2,lý lẽ
arise,verb,b2,phát sinh
arm,noun,a1,cánh tay
arm,verb,c1,vũ trang
armed,adjective,b2,vũ trang
arms,noun,b2,cánh tay
army,noun,a2,quân đội
around,adverb,a1,xung quanh
around,preposition,a1,xung quanh
arrange,verb,a2,sắp xếp
arrangement,noun,a2,sự sắp xếp
array,noun,c1,mảng
arrest,noun,b1,sự bắt giữ
arrest,verb,b1,bắt giữ
arrival,noun,b1,sự đến
arrive,verb,a1,đến
arrow,noun,b2,mũi tên
art,noun,a1,nghệ thuật
article,noun,a1,bài viết
articulate,verb,c1,nói rõ ràng
artificial,adjective,b2,nhân tạo
artist,noun,a1,nghệ sĩ
artistic,adjective,b2,nghệ thuật
artwork,noun,b2,tác phẩm nghệ thuật
as,adverb,a2,như
as,conjunction,a2,lúc khi
as,preposition,a1,như
ash,noun,c1,tro
ashamed,adjective,b2,xấu hổ
aside,adverb,b2,sang một bên
ask,verb,a1,hỏi
asleep,adjective,a2,ngủ
aspect,noun,b2,khía cạnh
aspiration,noun,c1,khát vọng
aspire,verb,c1,khao khát
assassination,noun,c1,vụ ám sát
assault,noun,c1,cuộc tấn công
assault,verb,c1,tấn công
assemble,verb,c1,tập hợp
assembly,noun,c1,lắp ráp
assert,verb,c1,khẳng định
assertion,noun,c1,khẳng định
assess,verb,b2,đánh giá
assessment,noun,b2,đánh giá
asset,noun,b2,tài sản
assign,verb,b2,giao
assignment,noun,b1,nhiệm vụ
assist,verb,b1,hỗ trợ
assistance,noun,b2,sự giúp đỡ
assistant,adjective,a2,giúp đỡ
assistant,noun,a2,người giúp đỡ
associate,verb,b2,cộng sự
associated,adjective,b2,liên quan
association,noun,b2,hiệp hội
assume,verb,b2,giả sử
assumption,noun,b2,giả định
assurance,noun,c1,sự đảm bảo
assure,verb,b2,đảm bảo
astonishing,adjective,b2,đáng kinh ngạc
asylum,noun,c1,tị nạn
at,preposition,a1,tại
athlete,noun,a2,vận động viên
atmosphere,noun,b1,bầu không khí
atrocity,noun,c1,sự tàn bạo
attach,verb,b1,đính kèm
attachment,noun,b2,sự đính kèm
attack,noun,a2,sự tấn công
attack,verb,a2,tấn công
attain,verb,c1,đạt được
attempt,noun,b2,sự cố gắng
attempt,verb,b2,cố gắng
attend,verb,a2,tham dự
attendance,noun,c1,sự tham dự
attention,exclamation,a2,chú ý
attention,noun,a2,sự chú ý
attitude,noun,b1,thái độ
attorney,noun,c1,luật sư
attract,verb,b1,thu hút
attraction,noun,b1,sự hấp dẫn
attractive,adjective,a2,hấp dẫn
attribute,noun,c1,thuộc tính
attribute,verb,c1,cho là do
auction,noun,b2,đấu giá
audience,noun,a2,khán giả
audio,adjective,b2,âm thanh
audit,noun,c1,kiểm toán
August,noun,a1,tháng tám
aunt,noun,a1,dì
authentic,adjective,c1,xác thực
author,noun,a2,tác giả
authority,noun,b1,quyền lực
authorize,verb,c1,ủy quyền
auto,noun,c1,tự động
automatic,adjective,b2,tự động
automatically,adverb,b2,tự động
autonomy,noun,c1,sự tự chủ
autumn,noun,a1,mùa thu
availability,noun,c1,sự sẵn có
available,adjective,a2,có sẵn
average,adjective,a2,trung bình
average,noun,a2,số trung bình
average,verb,b1,tính trung bình
avoid,verb,a2,tránh
await,verb,c1,chờ đợi
award,noun,a2,phần thưởng
award,verb,b1,tặng
aware,adjective,b1,nhận thức được
awareness,noun,b2,nhận thức
away,adverb,a1,đi xa
awful,adjective,a2,khủng khiếp
awkward,adjective,b2,vụng về
baby,noun,a1,em bé
back,adjective,a2,sau
back,adverb,a1,lùi lại
back,noun,a1,lưng
back,verb,b2,lùi
backdrop,noun,c1,phông nền
background,noun,a2,nền
backing,noun,c1,ủng hộ
backup,noun,c1,dự phòng
backwards,adverb,b1,ngược lại
bacteria,noun,b2,vi khuẩn
bad,adjective,a1,xấu
badge,noun,b2,huy hiệu
badly,adverb,a2,tệ
bag,noun,a1,túi
bail,noun,c1,bảo lãnh
bake,verb,b1,nướng
balance,noun,b1,cái cân
balance,verb,b1,làm cho thăng bằng
balanced,adjective,b2,cân bằng
ball,noun,a1,quả bóng
ballet,noun,b2,múa ba lê
balloon,noun,b2,bong bóng
ballot,noun,c1,lá phiếu
ban,noun,b1,cấm
ban,verb,b1,cấm
banana,noun,a1,chuối
band,noun,a1,ban nhạc
bank,noun,a1,ngân hàng
banner,noun,c1,biểu ngữ
bar,noun,a2,barơ
bar,verb,b2,cài
bare,adjective,c1,trần trụi
barely,adverb,b2,hầu như không
bargain,noun,b2,mặc cả
barrel,noun,c1,thùng
barrier,noun,b2,rào cản
base,noun,b1,cơ sở
base,verb,b1,đặt tên
baseball,noun,a2,bóng chày
based,adjective,a2,dựa trên
basement,noun,b2,tầng hầm
basic,adjective,b1,cơ bản
basically,adverb,b2,về cơ bản
basis,noun,b1,cơ sở
basket,noun,b2,cái giỏ
basketball,noun,a2,bóng rổ
bass,noun,c1,âm trầm
bat,noun,b2,gậy
bat,verb,c1,đánh bằng gậy
bath,noun,a1,tắm
bathroom,noun,a1,phòng tắm
battery,noun,b1,pin
battle,noun,b1,trận đánh
battle,verb,b2,chiến đấu
battlefield,noun,c1,chiến trường
bay,noun,c1,vịnh
be,verb,a1,đang
be,auxiliary verb,a1,được
beach,noun,a1,bãi biển
beam,noun,c1,tia
bean,noun,a2,đậu
bear,noun,a2,con gấu
bear,verb,b2,mang
beast,noun,c1,con thú
beat,noun,b2,sự đập
beat,verb,a2,đánh đập
beautiful,adjective,a1,đẹp
beauty,noun,b1,vẻ đẹp
because,conjunction,a1,bởi vì
become,verb,a1,trở thành
bed,noun,a1,giường
bedroom,noun,a1,phòng ngủ
bee,noun,b1,con ong
beef,noun,a2,thịt bò
beer,noun,a1,bia
before,adverb,a2,trước
before,conjunction,a2,trước khi
before,preposition,a1,trước
beg,verb,b2,cầu xin
begin,verb,a1,bắt đầu
beginning,noun,a1,sự khởi đầu
behalf,noun,c1,thay mặt
behave,verb,a2,cư xử
behaviour,noun,a2,hành vi
behind,adverb,a1,sau
behind,preposition,a1,sau
being,noun,b2,là
belief,noun,b1,niềm tin
believe,verb,a1,tin
bell,noun,b1,chuông
belong,verb,a2,thuộc về
beloved,adjective,c1,người yêu
below,adverb,a1,ở hoặc tới một
below,preposition,a1,ở hoặc tới một
belt,noun,a2,thắt lưng
bench,noun,c1,băng ghế dự bị
benchmark,noun,c1,điểm chuẩn
bend,noun,b1,chỗ uốn
bend,verb,b1,cúi xuống
beneath,preposition,c1,bên dưới
beneficial,adjective,b2,có lợi
beneficiary,noun,c1,người thụ hưởng
benefit,noun,a2,lợi
benefit,verb,b1,giúp ích cho
bent,adjective,b2,uốn cong
beside,preposition,b2,bên cạnh
besides,adverb,b2,ngoài ra
besides,preposition,b2,ngoài... ra
best,adjective,a1,tốt nhất
best,adverb,a2,tốt nhất
best,noun,a2,tốt nhất
bet,noun,b2,sự đánh cược
bet,verb,b2,đánh cược
betray,verb,c1,phản bội
better,adjective,a1,cấp so sánh của
better,adverb,a2,cấp so sánh của
better,noun,b1,người trên
between,adverb,a2,ở giữa
between,preposition,a1,giữa
beyond,adverb,b2,ở xa
beyond,preposition,b2,ở bên kia
bias,noun,b2,sự thiên vị
bicycle,noun,a1,xe đạp
bid,noun,b2,sự đặt giá
bid,verb,b2,đặt giá
big,adjective,a1,lớn
bike,noun,a1,xe đạp
bill,noun,a1,cái kéo liềm
bill,verb,b2,chụm mỏ vào nhau
billion,number,a2,tỷ
bin,noun,a2,thùng
bind,verb,c1,ràng buộc
biography,noun,c1,tiểu sử
biological,adjective,b2,sinh học
biology,noun,a2,sinh học
bird,noun,a1,chim
birth,noun,a2,sinh
birthday,noun,a1,sinh nhật
biscuit,noun,a2,bánh quy
bishop,noun,c1,giám mục
bit,noun,a2,chút
bite,noun,b1,sự cắn
bite,verb,b1,cắn
bitter,adjective,b2,đắng
bizarre,adjective,c1,kỳ lạ
black,adjective,a1,đen
black,noun,a1,màu đen
blade,noun,c1,lưỡi dao
blame,noun,b2,sự khiển trách
blame,verb,b2,đổ thừa
blank,adjective,a2,để trống
blank,noun,a2,chỗ để trống
blanket,noun,b2,chăn
blast,noun,c1,luồng gió
blast,verb,c1,làm tàn
bleed,verb,c1,chảy máu
blend,noun,c1,thứ pha trộn
blend,verb,c1,trộn lẫn
bless,verb,c1,chúc phúc
blessing,noun,c1,phước lành
blind,adjective,b2,mù
block,noun,b1,khối
block,verb,b1,làm trở ngại
blog,noun,a1,blog
blonde,adjective,a1,tóc vàng
blood,noun,a2,máu
blow,noun,b2,cú đánh đòn
blow,verb,a2,nở hoa
blue,adjective,a1,xanh
blue,noun,a1,màu xanh
board,noun,a2,tấm ván
board,verb,b1,lót ván
boast,verb,c1,khoe khoang
boat,noun,a1,thuyền
body,noun,a1,cơ thể
boil,verb,a2,đun sôi
bold,adjective,b2,in đậm
bomb,noun,b1,quả bom
bomb,verb,b1,ném bom
bombing,noun,b2,vụ đánh bom
bond,noun,b2,trái phiếu
bone,noun,a2,xương
bonus,noun,c1,tiền thưởng
book,noun,a1,sách
book,verb,a2,viết vào vở
booking,noun,b2,đặt chỗ
boom,noun,c1,sự bùng nổ
boost,noun,b2,sự quảng cáo rùm
boost,verb,b2,nâng lên
boot,noun,a1,khởi động
border,noun,b1,bờ
border,verb,b2,viền
bored,adjective,a1,chán
boring,adjective,a1,nhàm chán
born,verb,a1,sinh ra
borrow,verb,a2,mượn
boss,noun,a2,ông chủ
both,determiner,a1,cả hai
both,pronoun,a1,cả hai
bother,verb,b1,làm phiền
bottle,noun,a1,cái chai
bottom,adjective,a2,cuối
bottom,noun,a2,phần dưới cùng
bounce,verb,c1,tung lên
bound,adjective,b2,ràng buộc
boundary,noun,c1,ranh giới
bow,noun,c1,cái cung
bow,verb,c1,kéo vĩ
bowl,noun,a2,cái bát
box,noun,a1,cái hộp
boy,noun,a1,cậu bé
boyfriend,noun,a1,bạn trai
brain,noun,a2,bộ não
branch,noun,b1,nhánh
brand,noun,b1,nhãn
brand,verb,b1,đóng nhãn
brave,adjective,b1,dũng cảm
breach,noun,c1,lỗ đạn
breach,verb,c1,vi phạm
bread,noun,a1,bánh mì
break,noun,a1,xe vực ngựa
break,verb,a1,làm gãy
breakdown,noun,c1,sự đổ vỡ
breakfast,noun,a1,bữa sáng
breakthrough,noun,c1,bước đột phá
breast,noun,b2,vú
breath,noun,b1,hơi thở
breathe,verb,b1,thở
breathing,noun,b1,hơi thở
breed,noun,c1,nòi
breed,verb,c1,gây giống
brick,noun,b2,gạch
bride,noun,b1,cô dâu
bridge,noun,a2,cây cầu
brief,adjective,b2,ngắn gọn
briefly,adverb,b2,ngắn gọn
bright,adjective,a2,tươi sáng
brilliant,adjective,a2,rực rỡ
bring,verb,a1,mang theo
broad,adjective,b2,rộng
broadband,noun,c1,băng thông rộng
broadcast,noun,b2,sự phát thanh
broadcast,verb,b2,tung ra khắp nơi
broadcaster,noun,b2,đài truyền hình
broadly,adverb,b2,một cách rộng rãi
broken,adjective,a2,bị hỏng
brother,noun,a1,anh trai
brown,adjective,a1,nâu
brown,noun,a1,màu nâu
browser,noun,c1,trình duyệt
brush,noun,a2,bàn chải
brush,verb,a2,chải
brutal,adjective,c1,tàn bạo
bubble,noun,b1,bong bóng
buck,noun,c1,đô la
buddy,noun,c1,bạn thân
budget,noun,b2,ngân sách
buffer,noun,c1,đệm
bug,noun,b2,lỗi
build,verb,a1,xây dựng
building,noun,a1,tòa nhà
bulk,noun,c1,số lượng lớn
bullet,noun,b2,viên đạn
bunch,noun,b2,bó
burden,noun,c1,gánh nặng
bureaucracy,noun,c1,bộ máy quan liêu
burial,noun,c1,chôn cất
burn,noun,b2,đốt cháy
burn,verb,a2,đốt cháy
burst,verb,c1,nổ tung
bury,verb,b1,chôn
bus,noun,a1,xe buýt
bush,noun,b2,bụi cây
business,noun,a1,kinh doanh
businessman,noun,a2,doanh nhân
busy,adjective,a1,bận
but,conjunction,a1,nhưng
but,preposition,b2,trừ ra
butter,noun,a1,bơ
button,noun,a2,nút
buy,verb,a1,mua
by,adverb,b1,gần
by,preposition,a1,gần
bye,exclamation,a1,tạm biệt
cabin,noun,b2,cabin
cabinet,noun,c1,tủ
cable,noun,b2,cáp
cafe,noun,a1,quán cà phê
cake,noun,a1,bánh
calculate,verb,b2,tính toán
calculation,noun,c1,tính toán
call,noun,a1,tiếng kêu
call,verb,a1,kêu gọi
calm,adjective,b1,êm đềm
calm,noun,b1,sự yên lặng
calm,verb,b1,làm dịu đi
camera,noun,a1,máy ảnh
camp,noun,a2,trại
camp,verb,a2,đóng trại
campaign,noun,b1,chiến dịch
campaign,verb,b1,đi chiến dịch
camping,noun,a2,cắm trại
campus,noun,b1,khuôn viên trường
can,noun,a2,bình
can,modal verb,a1,có thể
canal,noun,b2,con kênh
cancel,verb,b2,hủy bỏ
cancer,noun,b2,ung thư
candidate,noun,b1,ứng cử viên
candle,noun,b2,ngọn nến
cannot,modal verb,a1,không thể
canvas,noun,c1,vải
cap,noun,b1,mũ
capability,noun,c1,khả năng
capable,adjective,b2,có khả năng
capacity,noun,b2,năng lực
capital,adjective,a1,quan hệ đến sinh
capital,noun,a1,thủ đô
capitalism,noun,c1,chủ nghĩa tư bản
capitalist,adjective,c1,nhà tư bản
captain,noun,b1,thuyền trưởng
capture,noun,b2,sự bắt giữ
capture,verb,b2,bắt giữ
car,noun,a1,xe hơi
carbon,noun,b2,cacbon
card,noun,a1,thẻ
care,noun,a2,sự chăm sóc
care,verb,a2,trông nom
career,noun,a1,sự nghiệp
careful,adjective,a2,cẩn thận
carefully,adverb,a2,cẩn thận
careless,adjective,b1,bất cẩn
cargo,noun,c1,hàng hóa
carpet,noun,a2,thảm
carriage,noun,c1,vận chuyển
carrot,noun,a1,cà rốt
carry,verb,a1,mang
cartoon,noun,a2,phim hoạt hình
carve,verb,c1,khắc
case,noun,a2,trường hợp
cash,noun,a2,tiền mặt
casino,noun,c1,sòng bạc
cast,noun,b2,sự quăng
cast,verb,b2,quăng
castle,noun,a2,lâu đài
casual,adjective,b2,bình thường
casualty,noun,c1,tai nạn
cat,noun,a1,con mèo
catalogue,noun,c1,danh mục
catch,noun,b2,sự bắt
catch,verb,a2,bắt lấy
category,noun,b1,hạng mục
cater,verb,c1,phục vụ
cattle,noun,c1,gia súc
cause,noun,a2,nguyên nhân
cause,verb,a2,gây ra
caution,noun,c1,sự thận trọng
cautious,adjective,c1,thận trọng
cave,noun,b2,hang động
CD,noun,a1,cd
cease,verb,c1,chấm dứt
ceiling,noun,b1,trần
celebrate,verb,a2,ăn mừng
celebration,noun,b1,lễ kỷ niệm
celebrity,noun,a2,người nổi tiếng
cell,noun,b2,tế bào
cemetery,noun,c1,nghĩa trang
cent,noun,a1,xu
central,adjective,b1,trung tâm
centre,noun,a1,điểm giữa
centre,verb,b1,đặt vào giữa
century,noun,a1,thế kỷ
ceremony,noun,b1,buổi lễ
certain,adjective,a2,nhất định
certainly,adverb,a2,chắc chắn
certainty,noun,b2,sự chắc chắn
certificate,noun,b2,giấy chứng nhận
chain,noun,b1,dây
chain,verb,b2,xích lại
chair,noun,a1,ghế
chair,verb,b2,cử làm chủ tịch
chairman,noun,b2,chủ tịch
challenge,noun,b1,"tiếng hô ""đứng lại"
challenge,verb,b2,"hô ""đứng lại"
challenging,adjective,b2,đầy thử thách
chamber,noun,c1,buồng
champion,noun,b1,nhà vô địch
championship,noun,b2,chức vô địch
chance,noun,a2,cơ hội
change,noun,a1,sự đổi
change,verb,a1,đổi
channel,noun,b1,kênh
chaos,noun,c1,sự hỗn loạn
chapter,noun,b1,chương
character,noun,a2,nhân vật
characteristic,adjective,b2,riêng
characteristic,noun,b2,đặc tính
characterize,verb,c1,đặc trưng
charge,noun,b1,vật mang
charge,verb,b1,nạp đạn
charity,noun,a2,tổ chức từ thiện
charm,noun,c1,sự quyến rũ
charming,adjective,b2,quyến rũ
chart,noun,a1,bản đồ đi biển
chart,verb,b2,vẽ hải đồ
charter,noun,c1,điều lệ
chase,noun,b2,sự theo đuổi
chase,verb,b2,săn
chat,noun,a2,hội thoại
chat,verb,a2,bàn chuyện
cheap,adjective,a1,rẻ
cheap,adverb,b1,rẻ
cheat,noun,b1,trò lừa đảo
cheat,verb,b1,lừa
check,noun,a2,như cheque
check,verb,a1,cản
cheek,noun,b2,má
cheer,noun,b2,sự vui vẻ
cheer,verb,b2,làm vui mừng
cheerful,adjective,b1,vui vẻ
cheese,noun,a1,pho mát
chef,noun,a2,đầu bếp
chemical,adjective,b1,hoá học
chemical,noun,b1,hóa chất
chemistry,noun,a2,hóa học
chest,noun,b1,ngực
chicken,noun,a1,gà
chief,adjective,b2,đứng đầu
chief,noun,b2,thủ lĩnh
child,noun,a1,đứa trẻ
childhood,noun,b1,tuổi thơ
chip,noun,a2,chip
chocolate,noun,a1,sô cô la
choice,noun,a2,sự lựa chọn
choir,noun,b2,dàn hợp xướng
choose,verb,a1,chọn
chop,verb,b2,chặt
chronic,adjective,c1,mãn tính
chunk,noun,c1,khúc
church,noun,a2,nhà thờ
cigarette,noun,a2,thuốc lá
cinema,noun,a1,rạp chiếu phim
circle,noun,a2,đường tròn
circle,verb,a2,đi chung quanh
circuit,noun,b2,mạch
circulate,verb,c1,luân chuyển
circulation,noun,c1,sự tuần hoàn
circumstance,noun,b2,hoàn cảnh
cite,verb,b2,trích dẫn
citizen,noun,b2,công dân
citizenship,noun,c1,quyền công dân
city,noun,a1,thành phố
civic,adjective,c1,dân sự
civil,adjective,b2,dân sự
civilian,adjective,c1,thường dân
civilian,noun,c1,người thường
civilization,noun,b2,nền văn minh
claim,noun,b1,sự cho là
claim,verb,b1,đòi
clarify,verb,b2,làm rõ
clarity,noun,c1,sự rõ ràng
clash,noun,c1,xung đột
class,noun,a1,lớp
classic,adjective,b2,kinh điển
classic,noun,b2,tác giả kinh điển
classical,adjective,a2,cổ điển
classification,noun,c1,phân loại
classify,verb,b2,phân loại
classroom,noun,a1,lớp học
clause,noun,b1,mệnh đề
clean,adjective,a1,sạch
clean,verb,a1,lau chùi
cleaning,noun,,làm sạch
clear,adjective,a2,trong
clear,verb,b1,làm trong sạch
clearly,adverb,a2,rõ ràng
clerk,noun,b2,thư ký
clever,adjective,a2,thông minh
click,noun,b1,tiếng lách cách
click,verb,b1,làm thành tiếng lách
client,noun,b1,khách hàng
cliff,noun,b2,vách đá
climate,noun,a2,khí hậu
climb,noun,b1,sự leo trèo
climb,verb,a1,leo
cling,verb,c1,bám vào
clinic,noun,b2,phòng khám
clinical,adjective,c1,lâm sàng
clip,noun,b2,cái kẹp
clock,noun,a1,đồng hồ
close,adjective,a2,đóng kín
close,adverb,b1,ẩn
close,noun,b2,sự kết thúc
close,verb,a1,đóng
closed,adjective,a2,đóng
closely,adverb,b2,chặt chẽ
closure,noun,c1,sự đóng cửa
cloth,noun,b1,vải
clothes,noun,a1,quần áo
clothing,noun,a2,quần áo
cloud,noun,a2,đám mây
club,noun,a1,câu lạc bộ
clue,noun,b1,manh mối
cluster,noun,c1,cụm
coach,noun,a2,xe ngựa bốn bánh
coach,verb,b1,chở bằng xe ngựa
coal,noun,b1,than
coalition,noun,c1,liên minh
coast,noun,a2,bờ biển
coastal,adjective,c1,ven biển
coat,noun,a1,áo khoác
cocktail,noun,c1,cocktail
code,noun,a2,mã
coffee,noun,a1,cà phê
cognitive,adjective,c1,nhận thức
coin,noun,b1,đồng xu
coincide,verb,c1,trùng khớp
coincidence,noun,b2,sự trùng hợp
cold,adjective,a1,lạnh
cold,noun,a1,sự lạnh nhạt
collaborate,verb,c1,cộng tác
collaboration,noun,c1,sự hợp tác
collapse,noun,b2,sụp đổ
collapse,verb,b2,đổ
colleague,noun,a2,đồng nghiệp
collect,verb,a2,thu thập
collection,noun,b1,bộ sưu tập
collective,adjective,c1,tập thể
collector,noun,b2,người sưu tầm
college,noun,a1,đại học
collision,noun,c1,va chạm
colonial,adjective,c1,thuộc địa
colony,noun,b2,thuộc địa
colour,noun,a1,màu sắc
coloured,adjective,b1,màu
colourful,adjective,b2,đầy màu sắc
column,noun,a2,cột
columnist,noun,c1,người viết chuyên mục
combat,noun,c1,trận
combat,verb,c1,đánh nhau
combination,noun,b2,sự kết hợp
combine,verb,b1,kết hợp
come,verb,a1,đến
comedy,noun,a2,hài kịch
comfort,noun,b2,sự an ủi
comfort,verb,b2,dỗ dành
comfortable,adjective,a2,thoải mái
comic,adjective,b2,hài hước
comic,noun,b2,diễn viên kịch vui
command,noun,b2,lệnh
command,verb,b2,ra lệnh
commander,noun,b2,người chỉ huy
commence,verb,c1,bắt đầu
comment,noun,a2,lời bình luận
comment,verb,b1,bình luận
commentary,noun,c1,bình luận
commentator,noun,c1,nhà bình luận
commerce,noun,c1,thương mại
commercial,adjective,b1,buôn bán
commercial,noun,b1,người chào hàng
commission,noun,b2,lệnh
commission,verb,b2,uỷ nhiệm
commissioner,noun,c1,ủy viên
commit,verb,b1,cam kết
commitment,noun,b2,cam kết
committee,noun,b2,ủy ban
commodity,noun,c1,hàng hóa
common,adjective,a1,chung
commonly,adverb,b2,thông thường
communicate,verb,a2,giao tiếp
communication,noun,b1,sự giao tiếp
communist,adjective,c1,cộng sản
community,noun,a2,cộng đồng
companion,noun,c1,bạn đồng hành
company,noun,a1,công ty
comparable,adjective,c1,có thể so sánh
comparative,adjective,b2,so sánh
compare,verb,a1,so sánh
comparison,noun,b1,so sánh
compassion,noun,c1,lòng trắc ẩn
compel,verb,c1,ép buộc
compelling,adjective,c1,hấp dẫn
compensate,verb,c1,đền bù
compensation,noun,c1,sự đền bù
compete,verb,a2,cạnh tranh
competence,noun,c1,năng lực
competent,adjective,c1,có thẩm quyền
competition,noun,a2,sự cạnh tranh
competitive,adjective,b1,cạnh tranh
competitor,noun,b1,đối thủ cạnh tranh
compile,verb,c1,biên soạn
complain,verb,a2,phàn nàn
complaint,noun,b1,khiếu nại
complement,verb,c1,bổ sung
complete,adjective,a1,đầy đủ
complete,verb,a1,hoàn thành
completely,adverb,a2,hoàn toàn
completion,noun,b2,sự hoàn thành
complex,adjective,b1,phức tạp
complex,noun,b2,mớ phức tạp
complexity,noun,c1,sự phức tạp
compliance,noun,c1,tuân thủ
complicated,adjective,b2,phức tạp
complication,noun,c1,sự phức tạp
comply,verb,c1,tuân theo
component,noun,b2,thành phần
compose,verb,b2,soạn
composer,noun,b2,nhà soạn nhạc
composition,noun,c1,thành phần
compound,noun,b2,hợp chất
comprehensive,adjective,b2,toàn diện
comprise,verb,b2,bao gồm
compromise,noun,c1,sự thoả hiệp
compromise,verb,c1,dàn xếp
compulsory,adjective,b2,bắt buộc
compute,verb,c1,tính toán
computer,noun,a1,máy tính
conceal,verb,c1,che giấu
concede,verb,c1,thừa nhận
conceive,verb,c1,thụ thai
concentrate,verb,b1,tập trung
concentration,noun,b2,sự tập trung
concept,noun,b2,khái niệm
conception,noun,c1,sự thụ thai
concern,noun,b2,sự liên quan đến
concern,verb,b2,liên quan
concerned,adjective,b2,liên quan
concert,noun,a1,buổi hòa nhạc
concession,noun,c1,sự nhượng bộ
conclude,verb,b1,kết luận
conclusion,noun,b1,kết luận
concrete,adjective,b2,cụ thể
concrete,noun,b2,vật cụ thể
condemn,verb,c1,lên án
condition,noun,a2,điều kiện
conduct,noun,b2,hạnh kiểm
conduct,verb,b2,hướng dẫn
confer,verb,c1,trao
conference,noun,a2,hội nghị
confess,verb,b2,thú nhận
confession,noun,c1,lời thú nhận
confidence,noun,b2,sự tự tin
confident,adjective,b1,tự tin
configuration,noun,c1,cấu hình
confine,verb,c1,hạn chế
confirm,verb,b1,xác nhận
confirmation,noun,c1,sự xác nhận
conflict,noun,b2,sự xung đột
conflict,verb,b2,xung đột
confront,verb,c1,đối đầu
confrontation,noun,c1,sự đối đầu
confuse,verb,b1,làm bối rối
confused,adjective,b1,bối rối
confusing,adjective,b2,khó hiểu
confusion,noun,b2,sự nhầm lẫn
congratulate,verb,c1,chúc mừng
congregation,noun,c1,hội chúng
congressional,adjective,c1,quốc hội
connect,verb,a2,kết nối
connected,adjective,a2,được kết nối
connection,noun,b1,kết nối
conquer,verb,c1,chinh phục
conscience,noun,c1,lương tâm
conscious,adjective,b2,có ý thức
consciousness,noun,c1,ý thức
consecutive,adjective,c1,liên tiếp
consensus,noun,c1,sự đồng thuận
consent,noun,c1,sự đồng ý
consent,verb,c1,đồng ý
consequence,noun,b1,hậu quả
consequently,adverb,b2,do đó
conservation,noun,b2,bảo tồn
conservative,adjective,b2,để giữ gìn
conservative,noun,b2,người bảo thủ
conserve,verb,c1,bảo tồn
consider,verb,a2,xem xét
considerable,adjective,b2,đáng kể
considerably,adverb,b2,đáng kể
consideration,noun,b2,sự cân nhắc
consist,verb,b1,bao gồm
consistency,noun,c1,tính nhất quán
consistent,adjective,b2,nhất quán
consistently,adverb,b2,nhất quán
consolidate,verb,c1,củng cố
conspiracy,noun,b2,âm mưu
constant,adjective,b2,hằng số
constantly,adverb,b2,liên tục
constituency,noun,c1,khu vực bầu cử
constitute,verb,c1,cấu thành
constitution,noun,c1,hiến pháp
constitutional,adjective,c1,hiến pháp
constraint,noun,c1,hạn chế
construct,verb,b2,xây dựng
construction,noun,b2,xây dựng
consult,verb,b2,tham khảo ý kiến
consultant,noun,b2,người cố vấn
consultation,noun,c1,sự tư vấn
consume,verb,b1,tiêu thụ
consumer,noun,b1,người tiêu dùng
consumption,noun,b2,tiêu thụ
contact,noun,b1,sự chạm
contact,verb,b1,cho tiếp với
contain,verb,a2,chứa
container,noun,b1,thùng chứa
contemplate,verb,c1,suy ngẫm
contemporary,adjective,b2,đương đại
contempt,noun,c1,khinh miệt
contend,verb,c1,tranh giành
contender,noun,c1,đối thủ
content,adjective,c1,bằng lòng
content,noun,b1,nội dung
contention,noun,c1,sự tranh chấp
contest,noun,b2,cuộc tranh luận
contest,verb,b2,tranh cãi
context,noun,a2,bối cảnh
continent,noun,a2,lục địa
continually,adverb,c1,liên tục
continue,verb,a2,tiếp tục
continuous,adjective,b1,liên tục
contract,noun,b2,hợp đồng
contract,verb,b2,đính ước
contractor,noun,c1,nhà thầu
contradiction,noun,c1,sự mâu thuẫn
contrary,adjective,c1,trái ngược
contrary,noun,c1,sự trái lại
contrast,noun,b1,sự tương phản
contrast,verb,b1,làm tương phản
contribute,verb,b2,đóng góp
contribution,noun,b2,đóng góp
contributor,noun,c1,người đóng góp
control,noun,a2,quyền hành
control,verb,a2,điều khiển
controversial,adjective,b2,gây tranh cãi
controversy,noun,b2,sự tranh cãi
convenience,noun,b2,sự tiện lợi
convenient,adjective,b1,thuận tiện
convention,noun,b2,quy ước
conventional,adjective,b2,thông thường
conversation,noun,a1,cuộc trò chuyện
conversion,noun,c1,chuyển đổi
convert,verb,b2,chuyển đổi
convey,verb,b2,truyền đạt
convict,verb,c1,kết án
conviction,noun,c1,niềm tin
convince,verb,b1,thuyết phục
convinced,adjective,b2,bị thuyết phục
convincing,adjective,b2,thuyết phục
cook,noun,a2,đầu bếp
cook,verb,a1,nấu
cooker,noun,a2,nồi cơm điện
cooking,noun,a1,nấu ăn
cool,adjective,a1,mát mẻ
cool,verb,b1,làm mát
cooperate,verb,c1,hợp tác
cooperative,adjective,c1,hợp tác
coordinate,verb,c1,phối hợp
coordination,noun,c1,sự phối hợp
coordinator,noun,c1,điều phối viên
cop,noun,c1,cảnh sát
cope,verb,b2,đối phó
copper,noun,c1,đồng
copy,noun,a2,bản sao
copy,verb,a2,sao lại
copyright,noun,c1,bản quyền
core,adjective,b2,cốt lõi
core,noun,b2,lõi
corner,noun,a2,góc
corporate,adjective,b2,công ty
corporation,noun,b2,tập đoàn
correct,adjective,a1,đúng
correct,verb,a1,sửa
correction,noun,c1,sự sửa chữa
correctly,adverb,a2,một cách chính xác
correlate,verb,c1,tương quan
correlation,noun,c1,sự tương quan
correspond,verb,c1,tương ứng
correspondence,noun,c1,thư từ
correspondent,noun,c1,phóng viên
corresponding,adjective,c1,tương ứng
corridor,noun,b2,hành lang
corrupt,adjective,c1,tham nhũng
corruption,noun,c1,tham nhũng
cost,noun,a1,giá
cost,verb,a1,trị giá
costly,adjective,c1,tốn kém
costume,noun,b1,trang phục
cottage,noun,b1,ngôi nhà
cotton,noun,b1,bông
could,modal verb,a1,có thể
council,noun,b2,hội đồng
councillor,noun,c1,ủy viên hội đồng
counselling,noun,c1,sự tư vấn
counsellor,noun,c1,cố vấn
count,noun,b1,bá tước earl
count,verb,a2,đếm
counter,noun,b2,quầy hàng
counter,verb,c1,phản đối
counterpart,noun,c1,đối tác
countless,adjective,c1,vô số
country,noun,a1,đất nước
countryside,noun,b1,nông thôn
county,noun,b2,quận
coup,noun,c1,cuộc đảo chính
couple,noun,a2,cặp đôi
courage,noun,b2,lòng dũng cảm
course,noun,a1,khóa học
court,noun,b1,tòa án
courtesy,noun,c1,lịch sự
cousin,noun,a1,anh họ
cover,noun,b1,vỏ
cover,verb,a2,che
coverage,noun,b2,sự bao phủ
covered,adjective,b1,được bao phủ
cow,noun,a1,con bò
crack,noun,b2,vết nứt
crack,verb,b2,quất đét đét
craft,noun,b2,nghề
craft,verb,c1,làm
crash,noun,b2,vải thô
crash,verb,b2,rơi vỡ loảng xoảng
crawl,verb,c1,bò
crazy,adjective,a2,điên rồ
cream,adjective,b1,kem
cream,noun,a1,kem
create,verb,a1,tạo ra
creation,noun,b2,sự sáng tạo
creative,adjective,a2,sáng tạo
creativity,noun,b2,sự sáng tạo
creator,noun,c1,người sáng tạo
creature,noun,b2,sinh vật
credibility,noun,c1,độ tin cậy
credible,adjective,c1,đáng tin cậy
credit,noun,a2,sự cho vay
credit,verb,b2,tin
creep,verb,c1,leo
crew,noun,b2,phi hành đoàn
crime,noun,a2,tội ác
criminal,adjective,b1,có tội
criminal,noun,a2,kẻ phạm tội
crisis,noun,b2,cuộc khủng hoảng
criterion,noun,b2,tiêu chí
critic,noun,b2,nhà phê bình
critical,adjective,b2,quan trọng
critically,adverb,b2,phê phán
criticism,noun,b2,sự chỉ trích
criticize,verb,b2,chỉ trích
critique,noun,c1,phê bình
crop,noun,b2,cắt
cross,noun,a2,cây thánh giá
cross,verb,a2,qua
crowd,noun,a2,đám đông
crowded,adjective,a2,đông đúc
crown,noun,c1,vương miện
crucial,adjective,b2,quan trọng
crude,adjective,c1,thô
cruel,adjective,b1,tàn nhẫn
cruise,noun,b2,cuộc đi chơi biển
cruise,verb,b2,đi chơi biển
crush,verb,c1,nghiền nát
cry,noun,b2,tiếng kêu
cry,verb,a2,kêu
crystal,noun,c1,tinh thể
cue,noun,b2,gợi ý
cult,adjective,c1,sùng bái
cult,noun,c1,sự thờ cúng
cultivate,verb,c1,trồng trọt
cultural,adjective,b1,văn hóa
culture,noun,a1,văn hóa
cup,noun,a1,cốc
cupboard,noun,a2,cái tủ
cure,noun,b2,cách chữa bệnh
cure,verb,b2,chữa bệnh
curiosity,noun,c1,sự tò mò
curious,adjective,b2,tò mò
curly,adjective,a2,xoăn
currency,noun,b1,tiền tệ
current,adjective,b1,hiện hành
current,noun,b2,dòng
currently,adverb,b1,hiện tại
curriculum,noun,b2,chương trình giảng dạy
curtain,noun,b1,bức màn
curve,noun,b2,đường cong
curve,verb,b2,cong
curved,adjective,b2,cong
custody,noun,c1,quyền giám hộ
custom,noun,b1,tùy chỉnh
customer,noun,a1,khách hàng
cut,noun,b1,sự cắt
cut,verb,a1,cắt
cute,adjective,b2,dễ thương
cutting,noun,c1,cắt
cycle,noun,a2,chu kỳ
cycle,verb,a2,quay vòng tròn theo
cynical,adjective,c1,hoài nghi
dad,noun,a1,bố
daily,adjective,a2,hằng ngày
daily,adverb,b1,hàng ngày
dairy,adjective,b2,sữa
dairy,noun,b2,nơi trữ và sản
dam,noun,c1,đập
damage,noun,b1,mối hại
damage,verb,b1,làm hư hại
damaging,adjective,c1,gây tổn hại
dance,noun,a1,sự nhảy múa
dance,verb,a1,nhảy múa
dancer,noun,a1,vũ công
dancing,noun,a1,khiêu vũ
danger,noun,a2,nguy hiểm
dangerous,adjective,a1,nguy hiểm
dare,verb,b2,dám
dark,adjective,a1,tối
dark,noun,a2,bóng tối
darkness,noun,b2,bóng tối
data,noun,a2,dữ liệu
database,noun,b2,cơ sở dữ liệu
date,noun,a1,quả chà là
date,verb,b2,đề ngày tháng
daughter,noun,a1,con gái
dawn,noun,c1,bình minh
day,noun,a1,ngày
dead,adjective,a2,chết
deadline,noun,b2,thời hạn
deadly,adjective,b2,chết người
deal,noun,b1,gỗ tùng
deal,verb,a2,phân phát
dealer,noun,b2,người buôn bán
dear,adjective,a1,thân
dear,exclamation,a2,thân yêu
death,noun,a2,cái chết
debate,noun,b2,cuộc tranh luận
debate,verb,b2,tranh luận
debris,noun,c1,mảnh vụn
debt,noun,b2,món nợ
debut,noun,c1,sự ra mắt
decade,noun,b1,thập kỷ
December,noun,a1,tháng mười hai
decent,adjective,b2,đàng hoàng
decide,verb,a1,quyết định
decision,noun,a2,quyết định
decision-making,noun,c1,ra quyết định
decisive,adjective,c1,quyết định
deck,noun,b2,boong
declaration,noun,c1,lời tuyên bố
declare,verb,b2,tuyên bố
decline,noun,b2,sự sụt
decline,verb,b2,nghiêng đi
decorate,verb,b1,trang trí
decoration,noun,b2,trang trí
decrease,noun,b2,sự giảm đi
decrease,verb,b2,giảm
dedicated,adjective,c1,dành riêng
dedication,noun,c1,sự cống hiến
deed,noun,c1,chứng thư
deem,verb,c1,cho là
deep,adjective,a2,sâu
deep,adverb,b1,sâu
deeply,adverb,b2,sâu sắc
default,noun,c1,mặc định
defeat,noun,b2,sự thất bại
defeat,verb,b2,đánh thắng
defect,noun,c1,khiếm khuyết
defence,noun,b2,phòng thủ
defend,verb,b2,bảo vệ
defender,noun,b2,hậu vệ
defensive,adjective,c1,phòng thủ
deficiency,noun,c1,sự thiếu hụt
deficit,noun,c1,thâm hụt
define,verb,b1,xác định
definite,adjective,b1,xác định
definitely,adverb,a2,chắc chắn
definition,noun,b1,định nghĩa
defy,verb,c1,thách thức
degree,noun,a2,mức độ
delay,noun,b2,sự chậm trễ
delay,verb,b2,làm chậm trễ
delegate,noun,c1,đại biểu
delegation,noun,c1,phái đoàn
delete,verb,b2,xóa
deliberate,adjective,b2,cố ý
deliberately,adverb,b2,cố ý
delicate,adjective,c1,tinh tế
delicious,adjective,a1,ngon
delight,noun,b2,sự vui thích
delight,verb,b2,làm vui thích
delighted,adjective,b2,vui mừng
deliver,verb,b1,giao
delivery,noun,b2,giao hàng
demand,noun,b2,sự đòi hỏi
demand,verb,b2,đòi hỏi
democracy,noun,b2,dân chủ
democratic,adjective,b2,dân chủ
demon,noun,c1,quỷ
demonstrate,verb,b2,chứng minh
demonstration,noun,b2,cuộc biểu tình
denial,noun,c1,sự phủ nhận
denounce,verb,c1,tố cáo
dense,adjective,c1,dày đặc
density,noun,c1,mật độ
dentist,noun,a2,nha sĩ
deny,verb,b2,phủ nhận
depart,verb,b2,khởi hành
department,noun,a2,khoa
departure,noun,b1,sự ra đi
depend,verb,a2,phụ thuộc
dependence,noun,c1,sự phụ thuộc
dependent,adjective,b2,phụ thuộc
depict,verb,c1,miêu tả
deploy,verb,c1,triển khai
deployment,noun,c1,triển khai
deposit,noun,b2,vật gửi
deposit,verb,c1,gửi
depressed,adjective,b2,chán nản
depressing,adjective,b2,chán nản
depression,noun,b2,trầm cảm
deprive,verb,c1,tước đoạt
depth,noun,b2,độ sâu
deputy,noun,c1,phó
derive,verb,b2,rút ra
descend,verb,c1,đi xuống
descent,noun,c1,sự đi xuống
describe,verb,a1,mô tả
description,noun,a1,mô tả
desert,noun,a2,công lao
desert,verb,b2,rời đi
deserve,verb,b2,xứng đáng
design,noun,a1,đề cương
design,verb,a1,phác hoạ
designate,verb,c1,chỉ định
designer,noun,a2,nhà thiết kế
desirable,adjective,c1,mong muốn
desire,noun,b2,sự thèm muốn
desire,verb,b2,thèm muốn
desk,noun,a1,bàn
desktop,noun,c1,máy tính để bàn
desperate,adjective,b2,tuyệt vọng
desperately,adverb,b2,tuyệt vọng
despite,preposition,b1,mặc dù
destination,noun,b1,điểm đến
destroy,verb,a2,phá hủy
destruction,noun,b2,sự hủy diệt
destructive,adjective,c1,phá hoại
detail,noun,a1,chi tiết
detail,verb,b2,kể chi tiết
detailed,adjective,b2,chi tiết
detain,verb,c1,giam giữ
detect,verb,b2,phát hiện
detection,noun,c1,sự phát hiện
detective,noun,a2,thám tử
detention,noun,c1,sự giam giữ
deteriorate,verb,c1,xấu đi
determination,noun,b2,sự quyết tâm
determine,verb,b1,xác định
determined,adjective,b1,xác định
devastate,verb,c1,tàn phá
develop,verb,a2,phát triển
development,noun,b1,sự phát triển
device,noun,a2,thiết bị
devil,noun,c1,ma quỷ
devise,verb,c1,nghĩ ra
devote,verb,b2,cống hiến
diagnose,verb,c1,chẩn đoán
diagnosis,noun,c1,chẩn đoán
diagram,noun,b1,sơ đồ
dialogue,noun,a1,cuộc đối thoại
diamond,noun,b1,kim cương
diary,noun,a2,nhật ký
dictate,verb,c1,ra lệnh
dictator,noun,c1,nhà độc tài
dictionary,noun,a1,từ điển
die,verb,a1,chết
diet,noun,a1,chế độ ăn uống
differ,verb,b2,khác nhau
difference,noun,a1,sự khác biệt
different,adjective,a1,khác nhau
differentiate,verb,c1,phân biệt
differently,adverb,a2,khác nhau
difficult,adjective,a1,khó khăn
difficulty,noun,b1,khó khăn
dig,verb,b2,đào
digital,adjective,a2,kỹ thuật số
dignity,noun,c1,phẩm giá
dilemma,noun,c1,vấn đề nan giải
dimension,noun,c1,chiều
diminish,verb,c1,giảm bớt
dinner,noun,a1,bữa tối
dip,verb,c1,nhúng
diplomat,noun,c1,nhà ngoại giao
diplomatic,adjective,c1,ngoại giao
direct,adjective,a2,thẳng
direct,adverb,b1,thẳng
direct,verb,b1,gửi
direction,noun,a2,phương hướng
directly,adverb,b1,trực tiếp
director,noun,a2,giám đốc
directory,noun,c1,thư mục
dirt,noun,b1,bụi bẩn
dirty,adjective,a1,bẩn
disability,noun,b2,khuyết tật
disabled,adjective,b2,bị vô hiệu hóa
disadvantage,noun,b1,điều bất lợi
disagree,verb,a2,không đồng ý
disagreement,noun,b2,sự bất đồng
disappear,verb,a2,biến mất
disappoint,verb,b2,thất vọng
disappointed,adjective,b1,thất vọng
disappointing,adjective,b1,đáng thất vọng
disappointment,noun,b2,sự thất vọng
disaster,noun,a2,thảm họa
disastrous,adjective,c1,thảm khốc
disc,noun,b2,đĩa
discard,verb,c1,vứt bỏ
discharge,verb,c1,xả
discipline,noun,b2,kỷ luật
disclose,verb,c1,tiết lộ
disclosure,noun,c1,tiết lộ
discount,noun,b1,sự bớt
discount,verb,b2,thanh toán trước thời
discourage,verb,b2,làm nản lòng
discourse,noun,c1,diễn ngôn
discover,verb,a2,khám phá
discovery,noun,a2,sự khám phá
discretion,noun,c1,sự tùy ý
discrimination,noun,c1,sự phân biệt đối
discuss,verb,a1,thảo luận
discussion,noun,a2,cuộc thảo luận
disease,noun,a2,căn bệnh
dish,noun,a1,món ăn
dishonest,adjective,b2,không trung thực
disk,noun,b2,đĩa
dislike,noun,b1,sự không ưa
dislike,verb,b1,không ưa
dismiss,verb,b2,gạt bỏ
dismissal,noun,c1,sa thải
disorder,noun,b2,rối loạn
displace,verb,c1,dời chỗ
display,noun,b2,một buổi trình diễn
display,verb,b2,hiển thị
disposal,noun,c1,xử lý
dispose,verb,c1,vứt bỏ
dispute,noun,c1,cuộc bàn cãi
dispute,verb,c1,bàn cãi
disrupt,verb,c1,làm gián đoạn
disruption,noun,c1,sự gián đoạn
dissolve,verb,c1,hòa tan
distance,noun,a2,khoảng cách
distant,adjective,b2,xa xôi
distinct,adjective,b2,rõ ràng
distinction,noun,c1,sự phân biệt
distinctive,adjective,c1,đặc biệt
distinguish,verb,b2,phân biệt
distort,verb,c1,bóp méo
distract,verb,b2,đánh lạc hướng
distress,noun,c1,nỗi đau buồn
distress,verb,c1,làm đau buồn
distribute,verb,b2,phân phối
distribution,noun,b2,phân phối
district,noun,b2,quận
disturb,verb,b2,làm phiền
disturbing,adjective,c1,làm phiền
dive,noun,b2,sự nhảy lao đầu
dive,verb,b2,nhảy lao đầu xuống
diverse,adjective,b2,đa dạng
diversity,noun,b2,sự đa dạng
divert,verb,c1,chuyển hướng
divide,noun,b2,đường chia nước
divide,verb,b1,chia
divine,adjective,c1,thần thánh
division,noun,b2,phép chia
divorce,noun,b2,sự ly dị
divorce,verb,b2,cho ly dị
divorced,adjective,a2,đã ly dị
do,verb,a1,làm
do,auxiliary verb,a1,làm
doctor,noun,a1,bác sĩ
doctrine,noun,c1,học thuyết
document,noun,a2,văn kiện
document,verb,b2,chứng minh bằng tư
documentary,noun,b1,phim tài liệu
documentation,noun,c1,tài liệu
dog,noun,a1,con chó
dollar,noun,a1,đô la
domain,noun,c1,miền
domestic,adjective,b2,trong nước
dominance,noun,c1,sự thống trị
dominant,adjective,b2,chiếm ưu thế
dominate,verb,b2,thống trị
donate,verb,b1,tặng
donation,noun,b2,sự quyên góp
donor,noun,c1,nhà tài trợ
door,noun,a1,cửa
dose,noun,c1,liều lượng
dot,noun,b2,dấu chấm
double,adjective,a2,đôi
double,adverb,b1,đôi
double,determiner,a2,gấp đôi
double,pronoun,a2,gấp đôi
double,verb,a2,làm gấp đôi
doubt,noun,b1,sự nghi ngờ
doubt,verb,b1,nghi ngờ
down,adverb,a1,xuống
down,preposition,a1,xuống
download,noun,a2,nạp xuống
download,verb,a2,tải xuống
downstairs,adjective,a2,ở dưới nhàn
downstairs,adverb,a1,xuống cầu thang
downtown,adjective,b2,khu buôn bán kinh
downtown,adverb,b2,khu buôn bán kinh
downtown,noun,b2,khu buôn bán kinh
downwards,adverb,b2,đi xuống
dozen,determiner,b2,tá
dozen,noun,b2,tá
draft,noun,b2,cặn
draft,verb,b2,phác thảo
drag,verb,b2,kéo
drain,verb,c1,thoát nước
drama,noun,a2,vở kịch
dramatic,adjective,b2,kịch tính
dramatically,adverb,b2,một cách kịch tính
draw,verb,a1,vẽ
drawing,noun,a2,bản vẽ
dream,noun,a2,giấc mơ
dream,verb,a2,mơ
dress,noun,a1,quần áo
dress,verb,a1,mặc
dressed,adjective,b1,mặc quần áo
drift,verb,c1,trôi dạt
drink,noun,a1,đồ uống
drink,verb,a1,uống
drive,noun,a2,cuộc đi xe
drive,verb,a1,dồn
driver,noun,a1,người lái xe
driving,adjective,c1,lái xe
driving,noun,a2,lái xe
drop,noun,b1,giọt
drop,verb,a2,chảy nhỏ giọt
drought,noun,b2,hạn hán
drown,verb,c1,chết đuối
drug,noun,a2,thuốc
drum,noun,b1,trống
drunk,adjective,b1,say rượu
dry,adjective,a2,khô
dry,verb,a2,làm khô
dual,adjective,c1,kép
dub,verb,c1,lồng tiếng
due,adjective,b1,đến hạn
dull,adjective,b2,buồn tẻ
dumb,adjective,c1,ngu ngốc
dump,verb,b2,đổ
duo,noun,c1,bộ đôi
duration,noun,b2,thời gian
during,preposition,a1,trong
dust,noun,b1,bụi
duty,noun,b1,nghĩa vụ
DVD,noun,a1,dvd
dynamic,adjective,b2,cơ động
dynamic,noun,c1,động lực
each,adverb,a1,mỗi
each,determiner,a1,mỗi
each,pronoun,a1,mỗi
eager,adjective,c1,háo hức
ear,noun,a1,tai
early,adjective,a1,sớm
early,adverb,a1,sớm
earn,verb,a2,kiếm được
earnings,noun,c1,thu nhập
earth,noun,a2,trái đất
earthquake,noun,b1,trận động đất
ease,noun,c1,sự thanh thản
ease,verb,c1,làm thanh thản
easily,adverb,a2,dễ dàng
east,adjective,a1,đông
east,adverb,a1,về hướng đông
east,noun,a1,hướng đông
eastern,adjective,b1,phía đông
easy,adjective,a1,dễ dàng
eat,verb,a1,ăn
echo,noun,c1,tiếng dội
echo,verb,c1,dội lại
ecological,adjective,c1,sinh thái
economic,adjective,b1,kinh tế
economics,noun,b2,kinh tế
economist,noun,b2,nhà kinh tế học
economy,noun,b1,nền kinh tế
edge,noun,b1,cạnh
edit,verb,b2,chỉnh sửa
edition,noun,b2,ấn bản
editor,noun,b1,biên tập viên
editorial,adjective,b2,biên tập
educate,verb,b1,giáo dục
educated,adjective,b1,có học thức
education,noun,a2,giáo dục
educational,adjective,b1,giáo dục
educator,noun,c1,nhà giáo dục
effect,noun,a2,hiệu ứng
effective,adjective,b1,hiệu quả
effectively,adverb,b1,một cách hiệu quả
effectiveness,noun,c1,hiệu quả
efficiency,noun,c1,hiệu quả
efficient,adjective,b2,hiệu quả
efficiently,adverb,b2,một cách hiệu quả
effort,noun,b1,nỗ lực
egg,noun,a1,quả trứng
ego,noun,c1,cái tôi
eight,number,a1,tám
eighteen,number,a1,mười tám
eighty,number,a1,tám mươi
either,adverb,a2,cũng phải thế
either,determiner,a2,hoặc
either,pronoun,a2,hoặc
elaborate,adjective,c1,phức tạp
elbow,noun,b2,khuỷu tay
elderly,adjective,b2,người già
elect,verb,b2,bầu cử
election,noun,b1,cuộc bầu cử
electoral,adjective,c1,bầu cử
electric,adjective,a2,điện
electrical,adjective,a2,điện
electricity,noun,a2,điện
electronic,adjective,a2,điện tử
electronics,noun,b2,điện tử
elegant,adjective,b2,thanh lịch
element,noun,b1,yếu tố
elementary,adjective,b2,sơ cấp
elephant,noun,a1,con voi
elevate,verb,c1,nâng cao
eleven,number,a1,mười một
eligible,adjective,c1,đủ điều kiện
eliminate,verb,b2,loại bỏ
elite,noun,c1,ưu tú
else,adverb,a1,khác
elsewhere,adverb,b2,nơi khác
email,noun,a1,thư điện tử
email,verb,a1,thư điện tử
embark,verb,c1,bắt tay vào
embarrassed,adjective,b1,xấu hổ
embarrassing,adjective,b1,đáng xấu hổ
embarrassment,noun,c1,sự bối rối
embassy,noun,c1,đại sứ quán
embed,verb,c1,nhúng
embody,verb,c1,thể hiện
embrace,verb,b2,ôm
emerge,verb,b2,nổi lên
emergence,noun,c1,sự xuất hiện
emergency,noun,b1,trường hợp khẩn cấp
emission,noun,b2,sự phát thải
emotion,noun,b1,cảm xúc
emotional,adjective,b2,cảm xúc
emotionally,adverb,b2,về mặt cảm xúc
emphasis,noun,b2,sự nhấn mạnh
emphasize,verb,b2,nhấn mạnh
empire,noun,b2,đế chế
empirical,adjective,c1,thực nghiệm
employ,verb,a2,thuê
employee,noun,a2,nhân viên
employer,noun,a2,người sử dụng lao
employment,noun,b1,việc làm
empower,verb,c1,trao quyền
empty,adjective,a2,trống
empty,verb,b1,đổ
enable,verb,b2,kích hoạt
enact,verb,c1,ban hành
encompass,verb,c1,bao gồm
encounter,noun,b2,sự gặp gỡ
encounter,verb,b2,gặp thình lình
encourage,verb,b1,khuyến khích
encouragement,noun,c1,sự khuyến khích
encouraging,adjective,c1,khuyến khích
end,noun,a1,sự kết thúc
end,verb,a1,kết thúc
endeavour,noun,c1,nỗ lực
ending,noun,a2,kết thúc
endless,adjective,c1,vô tận
endorse,verb,c1,tán thành
endorsement,noun,c1,sự chứng thực
endure,verb,c1,chịu đựng
enemy,noun,b1,kẻ thù
energy,noun,a2,năng lượng
enforce,verb,c1,thực thi
enforcement,noun,c1,sự thực thi
engage,verb,b2,tham gia
engaged,adjective,b1,tham gia
engagement,noun,c1,sự đính hôn
engaging,adjective,c1,hấp dẫn
engine,noun,a2,động cơ
engineer,noun,a2,kỹ sư
engineering,noun,b1,kỹ thuật
enhance,verb,b2,tăng cường
enjoy,verb,a1,tận hưởng
enjoyable,adjective,b2,thú vị
enormous,adjective,a2,rất lớn
enough,adverb,a1,đủ
enough,determiner,a1,đủ
enough,pronoun,a1,đủ
enquire,verb,c1,hỏi thăm
enquiry,noun,b2,cuộc điều tra
enrich,verb,c1,làm phong phú thêm
enrol,verb,c1,ghi danh
ensue,verb,c1,xảy ra sau đó
ensure,verb,b2,đảm bảo
enter,verb,a2,nhập
enterprise,noun,c1,doanh nghiệp
entertain,verb,b1,giải trí
entertaining,adjective,b2,giải trí
entertainment,noun,b1,giải trí
enthusiasm,noun,b2,sự nhiệt tình
enthusiast,noun,c1,người đam mê
enthusiastic,adjective,b2,nhiệt tình
entire,adjective,b2,toàn bộ
entirely,adverb,b2,hoàn toàn
entitle,verb,c1,quyền
entity,noun,c1,thực thể
entrance,noun,b1,lối vào
entrepreneur,noun,b2,doanh nhân
entry,noun,b1,sự vào
envelope,noun,b2,phong bì
environment,noun,a2,môi trường
environmental,adjective,b1,môi trường
epidemic,noun,c1,dịch bệnh
episode,noun,b1,tập
equal,adjective,b1,ngang
equal,noun,b2,người ngang hàng
equal,verb,b1,bằng
equality,noun,c1,sự bình đẳng
equally,adverb,b1,bằng nhau
equation,noun,c1,phương trình
equip,verb,b2,trang bị
equipment,noun,a2,thiết bị
equivalent,adjective,b2,tương đương
equivalent,noun,b2,vật tương đương
era,noun,b2,thời đại
erect,verb,c1,dựng lên
error,noun,a2,lỗi
erupt,verb,b2,bùng nổ
escalate,verb,c1,leo thang
escape,noun,b1,sự trốn thoát
escape,verb,b1,trốn thoát
especially,adverb,a2,đặc biệt
essay,noun,a2,bài luận
essence,noun,c1,bản chất
essential,adjective,b1,thiết yếu
essentially,adverb,b2,về cơ bản
establish,verb,b2,thiết lập
establishment,noun,c1,sự thành lập
estate,noun,b2,bất động sản
estimate,noun,b2,sự đánh giá
estimate,verb,b2,đánh giá
eternal,adjective,c1,vĩnh cửu
ethic,noun,b2,đạo đức
ethical,adjective,b2,đạo đức
ethnic,adjective,b2,dân tộc
euro,noun,a1,đồng euro
evacuate,verb,c1,sơ tán
evaluate,verb,b2,đánh giá
evaluation,noun,b2,đánh giá
even,adjective,b2,bằng phẳng
even,adverb,a1,ngay cả
evening,noun,a1,buổi tối
event,noun,a1,sự kiện
eventually,adverb,b1,cuối cùng
ever,adverb,a1,bao giờ
every,determiner,a1,mỗi
everybody,pronoun,a1,mọi người
everyday,adjective,a2,hàng ngày
everyone,pronoun,a1,mọi người
everything,pronoun,a1,mọi thứ
everywhere,adverb,a2,khắp mọi nơi
evidence,noun,a2,bằng chứng
evident,adjective,b2,rõ ràng
evil,adjective,b2,xấu
evil,noun,b2,cái xấu
evoke,verb,c1,gợi lên
evolution,noun,b2,sự tiến hóa
evolutionary,adjective,c1,tiến hóa
evolve,verb,b2,phát triển
exact,adjective,a2,chính xác
exactly,adverb,a2,chính xác
exaggerate,verb,c1,phóng đại
exam,noun,a1,kỳ thi
examination,noun,b2,kiểm tra
examine,verb,b1,kiểm tra
example,noun,a1,ví dụ
exceed,verb,b2,vượt quá
excellence,noun,c1,sự xuất sắc
excellent,adjective,a2,xuất sắc
except,conjunction,b1,trừ phi
except,preposition,a2,trừ
exception,noun,b2,ngoại lệ
exceptional,adjective,c1,đặc biệt
excess,adjective,c1,dư thừa
excess,noun,c1,sự vượt quá giới
excessive,adjective,b2,quá mức
exchange,noun,b1,sự đổi
exchange,verb,b1,đổi
excited,adjective,a1,vui mừng
excitement,noun,b1,sự phấn khích
exciting,adjective,a1,thú vị
exclude,verb,b2,loại trừ
exclusion,noun,c1,loại trừ
exclusive,adjective,c1,độc quyền
exclusively,adverb,c1,độc quyền
excuse,noun,b2,lời xin lỗi
excuse,verb,b2,tha lỗi
execute,verb,c1,thực hiện
execution,noun,c1,sự thi hành
executive,adjective,b2,sự thực hiện
executive,noun,b2,quyền hành pháp
exercise,noun,a1,sự thi hành
exercise,verb,a1,tập thể dục
exert,verb,c1,gắng sức
exhibit,noun,b2,vật trưng bày
exhibit,verb,b2,phô bày
exhibition,noun,b1,triển lãm
exile,noun,c1,sự lưu đày
exist,verb,a2,tồn tại
existence,noun,b2,sự tồn tại
exit,noun,b2,sự đi vào
exit,verb,c1,thoát
exotic,adjective,b2,kỳ lạ
expand,verb,b1,mở rộng
expansion,noun,b2,sự mở rộng
expect,verb,a2,mong đợi
expectation,noun,b2,sự mong đợi
expected,adjective,b1,dự kiến ​​
expedition,noun,b1,cuộc thám hiểm
expenditure,noun,c1,chi tiêu
expense,noun,b2,chi phí
expensive,adjective,a1,đắt tiền
experience,noun,a2,kinh nghiệm
experience,verb,b1,trải nghiệm
experienced,adjective,b1,có kinh nghiệm
experiment,noun,a2,cuộc thí nghiệm
experiment,verb,b1,thí nghiệm
experimental,adjective,c1,thử nghiệm
expert,adjective,a2,chuyên môn
expert,noun,a2,nhà chuyên môn
expertise,noun,b2,chuyên môn
expire,verb,c1,hết hạn
explain,verb,a1,giải thích
explanation,noun,a2,lời giải thích
explicit,adjective,c1,rõ ràng
explicitly,adverb,c1,một cách rõ ràng
explode,verb,b1,nổ tung
exploit,verb,b2,khai thác
exploitation,noun,c1,sự bóc lột
exploration,noun,b2,sự thăm dò
explore,verb,b1,khám phá
explosion,noun,b1,vụ nổ
explosive,adjective,c1,nổ
explosive,noun,c1,chất nổ
export,noun,b1,hàng xuất khẩu
export,verb,b1,xuất khẩu
expose,verb,b2,phơi bày
exposure,noun,b2,sự phơi bày
express,verb,a2,diễn đạt
expression,noun,a2,biểu thức
extend,verb,b2,mở rộng
extension,noun,b2,phần mở rộng
extensive,adjective,b2,rộng rãi
extensively,adverb,b2,rộng rãi
extent,noun,b2,phạm vi
external,adjective,b2,bên ngoài
extra,adjective,a1,thêm
extra,adverb,b1,thêm
extra,noun,b1,cái phụ
extract,noun,b2,đoạn trích
extract,verb,c1,trích
extraordinary,adjective,b2,phi thường
extreme,adjective,a2,ở tít đằng đầu
extreme,noun,b2,giới hạn tuyệt đối
extremely,adverb,a2,cực kỳ
extremist,noun,c1,cực đoan
eye,noun,a1,mắt
fabric,noun,b2,vải
fabulous,adjective,b2,tuyệt vời
face,noun,a1,mặt
face,verb,b1,đương đầu
facilitate,verb,c1,tạo điều kiện thuận
facility,noun,b2,cơ sở vật chất
fact,noun,a1,sự thật
faction,noun,c1,phe phái
factor,noun,a2,yếu tố
factory,noun,a2,nhà máy
faculty,noun,c1,khoa
fade,verb,c1,nhạt dần
fail,verb,a2,thất bại
failed,adjective,b2,thất bại
failure,noun,b2,thất bại
fair,adjective,a2,công bằng
fairly,adverb,b1,khá
fairness,noun,c1,sự công bằng
faith,noun,b2,đức tin
fake,adjective,b2,giả
fall,noun,a2,sự rơi
fall,verb,a1,rơi
false,adjective,a1,sai
fame,noun,b2,danh tiếng
familiar,adjective,b1,quen thuộc
family,adjective,a1,gia đình
family,noun,a1,gia đình
famous,adjective,a1,nổi tiếng
fan,noun,a2,người hâm mộ
fancy,adjective,b1,có trang hoàng
fancy,verb,b1,tưởng tượng
fantastic,adjective,a1,tuyệt vời
fantasy,noun,b2,tưởng tượng
far,adjective,b1,xa
far,adverb,a1,xa
fare,noun,b2,giá vé
farm,noun,a1,trại
farm,verb,a2,cày cấy
farmer,noun,a1,nông dân
farming,noun,a2,nông nghiệp
fascinating,adjective,b1,hấp dẫn
fashion,noun,a2,thời trang
fashionable,adjective,b1,thời trang
fast,adjective,a1,chắc chắn
fast,adverb,a1,chắc chắn
fasten,verb,b1,buộc chặt
fat,adjective,a1,được vỗ béo
fat,noun,a2,béo
fatal,adjective,c1,gây tử vong
fate,noun,c1,số phận
father,noun,a1,cha
fault,noun,b2,lỗi
favour,noun,b1,thiện ý
favour,verb,b2,ưu đãi
favourable,adjective,c1,thuận lợi
favourite,adjective,a1,được mến chuộng
favourite,noun,a1,sở thích
fear,noun,a2,sự sợ
fear,verb,b1,sợ
feat,noun,c1,kỳ công
feather,noun,b2,lông vũ
feature,noun,a2,nét đặc biệt
feature,verb,b1,là nét đặc biệt
February,noun,a1,tháng hai
federal,adjective,b2,liên bang
fee,noun,b2,phí
feed,noun,b2,sự ăn
feed,verb,a2,cho ăn
feedback,noun,b2,phản hồi
feeding,noun,,cho ăn
feel,noun,b2,sự sờ mó
feel,verb,a1,sờ mó
feeling,noun,a1,cảm giác
fellow,adjective,b2,đồng nghiệp
female,adjective,a2,cái
female,noun,a2,con cái
feminist,adjective,c1,nhà nữ quyền
feminist,noun,c1,người theo thuyết nam
fence,noun,b1,hàng rào
festival,noun,a1,lễ hội
fever,noun,b2,cơn sốt
few,adjective,a1,ít vài
few,determiner,a1,số ít
few,pronoun,a1,vài
fibre,noun,c1,chất xơ
fiction,noun,a2,tiểu thuyết
field,noun,a2,lĩnh vực
fierce,adjective,c1,khốc liệt
fifteen,number,a1,mười lăm
fifth,ordinal number,a1,thứ năm
fifty,number,a1,năm mươi
fight,noun,a2,sự đấu tranh
fight,verb,a2,đấu tranh
fighting,noun,b1,đánh nhau
figure,noun,a2,hình dáng
figure,verb,b2,hình dung
file,noun,b1,cái giũa
file,verb,b2,tập tin
fill,verb,a1,điền vào
film,noun,a1,màng
film,verb,a2,phủ một lớp màng
film-maker,noun,c1,người làm phim
filter,noun,c1,cái lọc
filter,verb,c1,lọc
final,adjective,a1,cuối cùng
final,noun,a2,số nhiều cuộc đấu
finally,adverb,a2,cuối cùng
finance,noun,b2,tài chính
finance,verb,b2,cấp tiền cho
financial,adjective,b1,tài chính
find,verb,a1,tìm
finding,noun,b2,sự tìm kiếm
fine,adjective,a1,tốt
fine,noun,c1,trời đẹp
fine,verb,c1,lọc cho trong
finger,noun,a2,ngón tay
finish,noun,a2,sự kết thúc
finish,verb,a1,hoàn thành
fire,noun,a1,lửa
fire,verb,b1,đốt cháy
firearm,noun,c1,súng
firefighter,noun,b2,lính cứu hỏa
firework,noun,b2,pháo hoa
firm,adjective,b2,chắc
firm,noun,b2,hãng
firmly,adverb,b2,chắc chắn
first,adverb,a1,trước tiên
first,determiner,a1,đầu tiên
first,noun,a2,thứ nhất
first,ordinal number,a1,đầu tiên
firstly,adverb,a2,thứ nhất
fish,noun,a1,cá
fish,verb,a2,đánh cá
fishing,noun,a2,câu cá
fit,adjective,a2,dùng được
fit,noun,c1,đoạn thơ fytte
fit,verb,a2,hợp
fitness,noun,b1,thể dục
five,number,a1,năm
fix,noun,b2,cách sửa chữa
fix,verb,a2,đóng
fixed,adjective,b1,cố định
fixture,noun,c1,vật cố định
flag,noun,b1,cờ
flame,noun,b2,ngọn lửa
flash,noun,b2,ánh sáng loé lên
flash,verb,b2,loé sáng
flat,adjective,a2,bằng phẳng
flat,noun,a1,dãy phòng
flavour,noun,b2,hương vị
flaw,noun,c1,lỗ hổng
flawed,adjective,c1,thiếu sót
flee,verb,c1,chạy trốn
fleet,noun,c1,hạm đội
flesh,noun,c1,thịt
flexibility,noun,c1,tính linh hoạt
flexible,adjective,b2,linh hoạt
flight,noun,a1,chuyến bay
float,verb,b2,trôi nổi
flood,noun,b1,lũ
flood,verb,b1,làm lụt
floor,noun,a1,tầng
flour,noun,b1,bột mì
flourish,verb,c1,hưng thịnh
flow,noun,b1,sự chảy
flow,verb,b1,chảy
flower,noun,a1,hoa
flu,noun,a2,cúm
fluid,noun,c1,chất lỏng
fly,noun,a2,con ruồi
fly,verb,a1,bay
flying,adjective,a2,bay
flying,noun,a2,sự bay
focus,noun,a2,tiêu điểm
focus,verb,a2,làm tụ vào
fold,noun,b2,nếp gấp
fold,verb,b1,gấp
folding,adjective,b2,gấp
folk,adjective,b1,dân gian
folk,noun,b1,người
follow,verb,a1,theo dõi
following,adjective,a2,tiếp theo
following,noun,b1,sự theo
following,preposition,b2,theo sau
fond,adjective,b2,thích
food,noun,a1,thức ăn
fool,noun,b2,thằng ngốc
foot,noun,a1,chân
footage,noun,c1,đoạn phim
football,noun,a1,bóng đá
for,preposition,a1,cho
forbid,verb,b2,cấm
force,noun,b1,sức
force,verb,b1,dùng vũ lực đối
forecast,noun,b2,sự dự đoán trước
forecast,verb,b2,dự đoán
foreign,adjective,a2,nước ngoài
foreigner,noun,c1,người nước ngoài
forest,noun,a2,rừng
forever,adverb,b1,mãi mãi
forge,verb,c1,rèn
forget,verb,a1,quên
forgive,verb,b2,tha thứ
fork,noun,a2,cái nĩa
form,noun,a1,hình
form,verb,a1,làm thành
formal,adjective,a2,chính thức
format,noun,b2,định dạng
formation,noun,b2,sự hình thành
former,adjective,b2,trước đây
formerly,adverb,b2,trước đây
formula,noun,c1,công thức
formulate,verb,c1,hình thành
forth,adverb,c1,ra
forthcoming,adjective,c1,sắp tới
fortunate,adjective,b2,may mắn
fortunately,adverb,a2,may mắn thay
fortune,noun,b2,vận may
forty,number,a1,bốn mươi
forum,noun,b2,diễn đàn
forward,adjective,b2,ở trước
forward,adverb,a2,về tương lai
fossil,noun,b2,hóa thạch
foster,verb,c1,nuôi dưỡng
found,verb,b2,tìm thấy
foundation,noun,b2,nền tảng
founder,noun,b2,người sáng lập
four,number,a1,bốn
fourteen,number,a1,mười bốn
fourth,ordinal number,a1,thứ tư
fraction,noun,b2,phân số
fragile,adjective,c1,mong manh
fragment,noun,b2,mảnh vỡ
frame,noun,b1,cấu trúc
frame,verb,b1,dàn xếp
framework,noun,b2,khuôn khổ
franchise,noun,c1,nhượng quyền thương mại
frankly,adverb,c1,thẳng thắn
fraud,noun,b2,gian lận
free,adjective,a1,tự do
free,adverb,a2,tự do
free,verb,b2,thả
freedom,noun,b2,tự do
freely,adverb,b2,tự do
freeze,verb,b1,đóng băng
frequency,noun,b2,tần số
frequent,adjective,b2,thường xuyên
frequently,adverb,b1,thường xuyên
fresh,adjective,a2,tươi
Friday,noun,a1,thứ sáu
fridge,noun,a2,tủ lạnh
friend,noun,a1,người bạn
friendly,adjective,a1,thân thiện
friendship,noun,b1,tình bạn
frighten,verb,b1,làm sợ hãi
frightened,adjective,b1,sợ hãi
frightening,adjective,b1,đáng sợ
frog,noun,a2,ếch
from,preposition,a1,từ
front,adjective,a1,đằng trước
front,noun,a1,cái trán
frozen,adjective,b1,đông lạnh
fruit,noun,a1,trái cây
frustrated,adjective,c1,thất vọng
frustrating,adjective,c1,bực bội
frustration,noun,c1,sự thất vọng
fry,verb,b1,chiên
fuel,noun,b1,chất đốt
fuel,verb,b2,cung cấp chất đốt
fulfil,verb,b2,thực hiện
full,adjective,a1,đầy đủ
full-time,adjective,b2,về hoặc trong toàn
full-time,adverb,b2,toàn thời gian
fully,adverb,b2,đầy đủ
fun,adjective,a2,thú vị
fun,noun,a1,sự vui đùa
function,noun,b1,chức năng
function,verb,b2,hoạt động
functional,adjective,c1,chức năng
fund,noun,b2,kho
fund,verb,b2,chuyển những món nợ
fundamental,adjective,b2,cơ bản
fundamentally,adverb,b2,về cơ bản
funding,noun,b2,tài trợ
fundraising,noun,c1,gây quỹ
funeral,noun,c1,tang lễ
funny,adjective,a1,hài hước
fur,noun,b1,lông
furious,adjective,b2,tức giận
furniture,noun,a2,đồ nội thất
further,adjective,a2,xa hơn nữa
further,adverb,b1,xa hơn nữa
furthermore,adverb,b2,hơn nữa
future,adjective,a2,tương lai
future,noun,a1,tương lai
gain,noun,b2,lợi
gain,verb,b2,thu được
gallery,noun,a2,phòng trưng bày
gallon,noun,c1,gallon
gambling,noun,c1,cờ bạc
game,noun,a1,trò chơi
gaming,noun,b2,chơi game
gang,noun,b2,băng đảng
gap,noun,a2,khoảng trống
garage,noun,b1,nhà để xe
garden,noun,a1,khu vườn
gas,noun,a2,khí
gate,noun,a2,cổng
gather,verb,b1,tập hợp
gathering,noun,c1,tập hợp
gay,adjective,b2,đồng tính
gaze,noun,c1,cái nhìn chằm chằm
gaze,verb,c1,nhìn chằm chằm
gear,noun,c1,bánh răng
gender,noun,b2,giới tính
gene,noun,b2,gen
general,adjective,a2,chung
generally,adverb,b1,nói chung
generate,verb,b2,tạo ra
generation,noun,b1,thế hệ
generic,adjective,c1,chung chung
generous,adjective,b1,hào phóng
genetic,adjective,b2,di truyền
genius,noun,b2,thiên tài
genocide,noun,c1,sự diệt chủng
genre,noun,b2,thể loại
gentle,adjective,b1,nhẹ nhàng
gentleman,noun,b1,quý ông
genuine,adjective,b2,chính hãng
genuinely,adverb,b2,thực sự
geography,noun,a1,địa lý
gesture,noun,b2,cử chỉ
get,verb,a1,lấy
ghost,noun,b1,ma
giant,adjective,b1,khổng lồ
giant,noun,b1,người khổng lồ
gift,noun,a2,món quà
gig,noun,b2,buổi biểu diễn
girl,noun,a1,cô gái
girlfriend,noun,a1,bạn gái
give,verb,a1,cho
glad,adjective,b1,vui mừng
glance,noun,c1,quặng bóng
glance,verb,c1,liếc nhìn
glass,noun,a1,kính
glimpse,noun,c1,cái nhìn thoáng qua
global,adjective,b1,toàn cầu
globalization,noun,b2,toàn cầu hóa
globe,noun,b2,quả địa cầu
glorious,adjective,c1,vinh quang
glory,noun,c1,vinh quang
glove,noun,b1,găng tay
go,noun,b1,sự đi
go,verb,a1,đi
goal,noun,a2,mục tiêu
god,noun,a2,chúa
gold,adjective,a2,bằng vàng
gold,noun,a2,vàng
golden,adjective,b2,vàng
golf,noun,a2,chơi gôn
good,adjective,a1,tốt
good,noun,a2,điều thiện
goodbye,exclamation,a1,tạm biệt
goodbye,noun,a1,nói lời chào tạm
goodness,noun,b2,lòng tốt
goods,noun,b1,hàng hóa
gorgeous,adjective,b2,tuyệt đẹp
govern,verb,b2,cai trị
governance,noun,c1,sự cai trị
government,noun,a2,chính phủ
governor,noun,b2,thống đốc
grab,verb,b2,chộp lấy
grace,noun,c1,ân sủng
grade,noun,b1,grát
grade,verb,b2,sắp
gradually,adverb,b2,dần dần
graduate,noun,b1,grad
graduate,verb,b1,chia độ
grain,noun,b1,hạt
grand,adjective,b2,lớn
grandfather,noun,a1,ông nội
grandmother,noun,a1,bà ngoại
grandparent,noun,a1,ông bà
grant,noun,b2,sự cho
grant,verb,b2,cho
graphic,adjective,b2,đồ họa
graphics,noun,b2,đồ họa
grasp,noun,c1,sự túm lấy
grasp,verb,c1,nắm chắc
grass,noun,a2,cỏ
grateful,adjective,b1,biết ơn
grave,adjective,c1,trang nghiêm
grave,noun,c1,mồ
gravity,noun,c1,trọng lực
great,adjective,a1,tuyệt vời
greatly,adverb,b2,rất nhiều
green,adjective,a1,xanh lá cây
green,noun,a1,màu xanh lá cây
greenhouse,noun,b2,nhà kính
greet,verb,a2,chào
grey,adjective,a1,xám
grey,noun,a1,màu xám
grid,noun,c1,lưới
grief,noun,c1,đau buồn
grin,noun,c1,cái nhăn mặt nhe
grin,verb,c1,nhe răng ra nhăn
grind,verb,c1,xay
grip,noun,c1,rãnh nhỏ
grip,verb,c1,nắm chặt
grocery,noun,b2,cửa hàng tạp hóa
gross,adjective,c1,thô
ground,noun,a2,mặt đất
group,noun,a1,nhóm
grow,verb,a1,lớn lên
growth,noun,b1,sự tăng trưởng
guarantee,noun,b2,sự bảo đảm
guarantee,verb,b2,bảo đảm
guard,noun,b1,sự thủ thế
guard,verb,b1,bảo vệ
guerrilla,noun,c1,du kích
guess,noun,a1,sự đoán
guess,verb,a1,đoán
guest,noun,a2,khách
guidance,noun,c1,hướng dẫn
guide,noun,a2,người chỉ dẫn
guide,verb,a2,dẫn đường
guideline,noun,b2,hướng dẫn
guilt,noun,c1,tội lỗi
guilty,adjective,b1,có tội
guitar,noun,a1,đàn ghi-ta
gun,noun,a2,súng
gut,noun,c1,ruột
guy,noun,a2,chàng trai
gym,noun,a1,phòng tập thể dục
habit,noun,a2,thói quen
habitat,noun,b2,môi trường sống
hail,verb,c1,mưa đá
hair,noun,a1,tóc
half,adverb,a2,nửa
half,determiner,a1,một nửa
half,noun,a1,nửa
half,pronoun,a1,một nửa
halfway,adverb,c1,nửa chừng
hall,noun,a2,hội trường
halt,noun,c1,sự tạm nghỉ
halt,verb,c1,dừng chân
hand,noun,a1,tay
hand,verb,b1,đưa
handful,noun,c1,một nắm
handle,noun,b2,cán
handle,verb,b2,cầm
handling,noun,c1,xử lý
handy,adjective,c1,tiện dụng
hang,verb,b1,treo
happen,verb,a1,xảy ra
happily,adverb,a2,vui vẻ
happiness,noun,b1,hạnh phúc
happy,adjective,a1,hạnh phúc
harassment,noun,c1,quấy rối
harbour,noun,b2,bến cảng
hard,adjective,a1,cứng
hard,adverb,a1,hết sức cố gắng
hardly,adverb,b1,khó
hardware,noun,c1,phần cứng
harm,noun,b2,hại
harm,verb,b2,làm hại
harmful,adjective,b2,có hại
harmony,noun,c1,sự hài hòa
harsh,adjective,c1,khắc nghiệt
harvest,noun,c1,việc gặt
harvest,verb,c1,gặt hái
hat,noun,a1,cái mũ
hate,noun,b1,lòng căm thù
hate,verb,a1,căm thù
hatred,noun,c1,sự căm ghét
haunt,verb,c1,ám ảnh
have,verb,a1,có
have,auxiliary verb,a2,có
have to,modal verb,a1,phải
hazard,noun,c1,nguy hiểm
he,pronoun,a1,anh ấy
head,noun,a1,cái đầu
head,verb,b1,làm đầu
headache,noun,a2,đau đầu
headline,noun,b1,tiêu đề
headquarters,noun,b2,trụ sở
heal,verb,b2,chữa lành
health,noun,a1,sức khỏe
healthcare,noun,b2,chăm sóc sức khỏe
healthy,adjective,a1,khỏe mạnh
hear,verb,a1,nghe
hearing,noun,b2,thính giác
heart,noun,a2,trái tim
heat,noun,a2,hơi nóng
heat,verb,a2,đốt nóng
heating,noun,b1,sưởi ấm
heaven,noun,b2,thiên đường
heavily,adverb,b1,nặng nề
heavy,adjective,a2,nặng
heel,noun,b2,gót chân
height,noun,a2,chiều cao
heighten,verb,c1,nâng cao
helicopter,noun,b1,máy bay trực thăng
hell,noun,b2,địa ngục
hello,exclamation,a1,xin chào
hello,noun,a1,tiếng chào
helmet,noun,b2,mũ bảo hiểm
help,noun,a1,sự giúp đỡ
help,verb,a1,giúp đỡ
helpful,adjective,a2,hữu ích
hence,adverb,b2,do đó
her,determiner,a1,cô ấy
her,pronoun,a1,cô ấy
herb,noun,b2,thảo mộc
here,adverb,a1,đây
heritage,noun,c1,di sản
hero,noun,a2,anh hùng
hers,pronoun,a2,của cô ấy
herself,pronoun,a2,chính cô ấy
hesitate,verb,b2,do dự
hey,exclamation,a1,này
hi,exclamation,a1,xin chào
hidden,adjective,b2,ẩn
hide,verb,a2,ẩn
hierarchy,noun,c1,thứ bậc
high,adjective,a1,cao
high,adverb,a2,cao
high,noun,b2,độ cao
high-profile,adjective,c1,cao cấp
highlight,noun,b1,chỗ nổi bật nhất
highlight,verb,b1,làm nổi bật
highly,adverb,b1,rất cao
highway,noun,b2,đường cao tốc
hilarious,adjective,b2,vui nhộn
hill,noun,a2,ngọn đồi
him,pronoun,a1,anh ấy
himself,pronoun,a2,chính mình
hint,noun,c1,lời gợi ý
hint,verb,c1,gợi ý nhẹ nhàng
hip,noun,b2,hông
hire,noun,b2,sự thuê
hire,verb,b1,thuê
his,determiner,a1,của anh ấy
his,pronoun,a2,của anh ấy
historian,noun,b2,nhà sử học
historic,adjective,b1,lịch sử
historical,adjective,b1,lịch sử
history,noun,a1,lịch sử
hit,noun,a2,đòn
hit,verb,a2,đánh
hobby,noun,a1,sở thích
hockey,noun,a2,khúc côn cầu
hold,noun,b2,khoang
hold,verb,a2,cầm
hole,noun,a2,lỗ
holiday,noun,a1,kỳ nghỉ
hollow,adjective,b2,rỗng
holy,adjective,b2,thánh thiện
home,adjective,a2,gia đình
home,adverb,a1,về nhà
home,noun,a1,nhà
homeland,noun,c1,quê hương
homeless,adjective,b2,vô gia cư
homework,noun,a1,bài tập về nhà
honest,adjective,b1,trung thực
honesty,noun,b2,sự trung thực
honour,noun,b2,danh dự
honour,verb,b2,tôn kính
hook,noun,b2,cái móc
hook,verb,c1,móc vào
hope,noun,a2,hy vọng
hope,verb,a1,hy vọng
hopeful,adjective,c1,đầy hy vọng
hopefully,adverb,b2,hy vọng
horizon,noun,c1,chân trời
horn,noun,c1,sừng
horrible,adjective,b1,khủng khiếp
horror,noun,b1,sự kinh hoàng
horse,noun,a1,ngựa
hospital,noun,a1,bệnh viện
host,noun,b1,chủ nhà
host,verb,b2,làm chủ tiệc
hostage,noun,c1,con tin
hostile,adjective,c1,thù địch
hostility,noun,c1,sự thù địch
hot,adjective,a1,nóng
hotel,noun,a1,khách sạn
hour,noun,a1,giờ
house,noun,a1,nhà ở
house,verb,b2,đón tiếp ở nhà
household,noun,b2,hộ gia đình
housing,noun,b2,nhà ở
how,adverb,a1,như thế nào
however,adverb,a1,tuy nhiên
huge,adjective,a2,rất lớn
human,adjective,a2,con người
human,noun,a2,con người
humanitarian,adjective,c1,nhân đạo
humanity,noun,c1,nhân loại
humble,adjective,c1,khiêm tốn
humorous,adjective,b2,hài hước
humour,noun,b2,sự hài hước
hundred,number,a1,trăm
hunger,noun,b2,cơn đói
hungry,adjective,a1,đói
hunt,noun,b2,cuộc đi săn
hunt,verb,b1,săn bắn
hunting,noun,b2,săn bắn
hurricane,noun,b1,cơn bão
hurry,noun,b1,sự vội vàng
hurry,verb,b1,thúc giục
hurt,adjective,a2,làm tổn thương
hurt,noun,b2,vết thương
hurt,verb,a2,làm bị thương
husband,noun,a1,chồng
hydrogen,noun,c1,hydro
hypothesis,noun,b2,giả thuyết
I,pronoun,a1,tôi
ice,noun,a1,băng
ice cream,noun,a1,kem
icon,noun,b2,biểu tượng
ID,noun,b2,id
idea,noun,a1,ý tưởng
ideal,adjective,a2,quan niệm
ideal,noun,b2,lý tưởng
identical,adjective,b2,giống hệt nhau
identification,noun,c1,nhận dạng
identify,verb,a2,xác định
identity,noun,b1,danh tính
ideological,adjective,c1,hệ tư tưởng
ideology,noun,c1,hệ tư tưởng
idiot,noun,c1,thằng ngốc
if,conjunction,a1,nếu
ignorance,noun,c1,sự thiếu hiểu biết
ignore,verb,b1,bỏ qua
ill,adjective,a2,bệnh
illegal,adjective,b1,bất hợp pháp
illness,noun,a2,bệnh tật
illusion,noun,b2,ảo tưởng
illustrate,verb,b2,minh họa
illustration,noun,b2,minh họa
image,noun,a2,hình ảnh
imagery,noun,c1,hình ảnh
imaginary,adjective,b1,tưởng tượng
imagination,noun,b2,trí tưởng tượng
imagine,verb,a1,tưởng tượng
immediate,adjective,b1,ngay lập tức
immediately,adverb,a2,ngay lập tức
immense,adjective,c1,bao la
immigrant,noun,b1,người nhập cư
immigration,noun,b2,nhập cư
imminent,adjective,c1,sắp xảy ra
immune,adjective,b2,miễn dịch
impact,noun,b1,sự va chạm
impact,verb,b1,đóng chặt vào
impatient,adjective,b2,thiếu kiên nhẫn
implement,verb,b2,thực hiện
implementation,noun,c1,thực hiện
implication,noun,b2,hàm ý
imply,verb,b2,ngụ ý
import,noun,b1,sự nhập
import,verb,b1,nhập
importance,noun,b1,tầm quan trọng
important,adjective,a1,quan trọng
impose,verb,b2,áp đặt
impossible,adjective,a2,không thể
impress,verb,b2,gây ấn tượng
impressed,adjective,b2,ấn tượng
impression,noun,b1,ấn tượng
impressive,adjective,b1,ấn tượng
imprison,verb,c1,bỏ tù
imprisonment,noun,c1,sự cầm tù
improve,verb,a1,cải thiện
improvement,noun,b1,sự cải thiện
in,adverb,a1,vào
in,preposition,a1,ở
inability,noun,c1,sự bất lực
inadequate,adjective,c1,không đầy đủ
inappropriate,adjective,c1,không phù hợp
incentive,noun,b2,sự khuyến khích
inch,noun,b2,inch
incidence,noun,c1,sự xuất hiện
incident,noun,b2,sự cố
inclined,adjective,c1,nghiêng
include,verb,a1,bao gồm
included,adjective,a2,bao gồm
including,preposition,a2,bao gồm
inclusion,noun,c1,sự bao gồm
income,noun,b2,thu nhập
incorporate,verb,b2,kết hợp
incorrect,adjective,b2,không đúng
increase,noun,a2,sự tăng
increase,verb,a2,tăng lên
increasingly,adverb,b2,ngày càng
incredible,adjective,a2,đáng kinh ngạc
incredibly,adverb,b1,vô cùng
incur,verb,c1,gánh chịu
indeed,adverb,b1,thực sự
independence,noun,b2,sự độc lập
independent,adjective,a2,độc lập
index,noun,b2,chỉ số
indicate,verb,b1,chỉ ra
indication,noun,b2,sự chỉ dẫn
indicator,noun,c1,chỉ số
indictment,noun,c1,bản cáo trạng
indigenous,adjective,c1,bản địa
indirect,adjective,b1,gián tiếp
individual,adjective,a2,riêng
individual,noun,a2,cá nhân
indoor,adjective,b1,trong nhà
indoors,adverb,b1,trong nhà
induce,verb,c1,gây ra
indulge,verb,c1,thưởng thức
industrial,adjective,b2,công nghiệp
industry,noun,a2,ngành
inequality,noun,c1,sự bất bình đẳng
inevitable,adjective,b2,không thể tránh khỏi
inevitably,adverb,b2,tất yếu
infamous,adjective,c1,khét tiếng
infant,noun,c1,trẻ sơ sinh
infect,verb,c1,lây nhiễm
infection,noun,b2,nhiễm trùng
infer,verb,b2,suy ra
inflation,noun,b2,lạm phát
inflict,verb,c1,gây ra
influence,noun,b1,ảnh hưởng
influence,verb,b1,có ảnh hưởng đến
influential,adjective,c1,có ảnh hưởng
info,noun,b2,thông tin
inform,verb,b2,thông báo
informal,adjective,a2,không chính thức
information,noun,a1,thông tin
infrastructure,noun,b2,cơ sở hạ tầng
ingredient,noun,b1,thành phần
inhabitant,noun,b2,cư dân
inherent,adjective,c1,vốn có
inherit,verb,b2,kế thừa
inhibit,verb,c1,ức chế
initial,adjective,b2,ban đầu
initially,adverb,b2,ban đầu
initiate,verb,c1,bắt đầu
initiative,noun,b2,sáng kiến ​​
inject,verb,c1,tiêm
injection,noun,c1,tiêm
injure,verb,b1,làm tổn thương
injured,adjective,b1,bị thương
injury,noun,a2,vết thương
injustice,noun,c1,sự bất công
ink,noun,b2,mực
inmate,noun,c1,tù nhân
inner,adjective,b2,bên trong
innocent,adjective,b1,vô tội
innovation,noun,b2,sự đổi mới
innovative,adjective,b2,đổi mới
input,noun,b2,đầu vào
inquiry,noun,b2,cuộc điều tra
insect,noun,a2,côn trùng
insert,verb,b2,chèn
insertion,noun,c1,chèn
inside,adjective,a2,ở trong
inside,adverb,a2,bên trong
inside,noun,a2,mặt trong
inside,preposition,a2,ở phía trong
insider,noun,c1,người trong cuộc
insight,noun,b2,cái nhìn sâu sắc
insist,verb,b2,nhấn mạnh
inspect,verb,c1,kiểm tra
inspection,noun,c1,sự kiểm tra
inspector,noun,b2,thanh tra
inspiration,noun,c1,nguồn cảm hứng
inspire,verb,b2,truyền cảm hứng
install,verb,b2,cài đặt
installation,noun,b2,cài đặt
instance,noun,b2,ví dụ
instant,adjective,b2,ngay lập tức
instantly,adverb,b2,ngay lập tức
instead,adverb,a2,thay vào đó
instinct,noun,c1,bản năng
institute,noun,b2,viện
institution,noun,b2,cơ quan
institutional,adjective,c1,thể chế
instruct,verb,c1,hướng dẫn
instruction,noun,a2,sự hướng dẫn
instructor,noun,a2,người hướng dẫn
instrument,noun,a2,nhạc cụ
instrumental,adjective,c1,nhạc cụ
insufficient,adjective,c1,không đủ
insult,noun,c1,lời lăng mạ
insult,verb,c1,lăng mạ
insurance,noun,b2,bảo hiểm
intact,adjective,c1,nguyên vẹn
intake,noun,c1,lượng vào
integral,adjective,c1,tích phân
integrate,verb,b2,tích hợp
integrated,adjective,c1,tích hợp
integration,noun,c1,sự tích hợp
integrity,noun,c1,tính toàn vẹn
intellectual,adjective,b2,trí óc
intellectual,noun,c1,người trí thức
intelligence,noun,b1,trí thông minh
intelligent,adjective,a2,thông minh
intend,verb,b1,dự định
intended,adjective,b2,dự định
intense,adjective,b2,mãnh liệt
intensify,verb,c1,tăng cường
intensity,noun,c1,cường độ
intensive,adjective,c1,chuyên sâu
intent,noun,c1,ý định
intention,noun,b1,ý định
interact,verb,b2,tương tác
interaction,noun,b2,sự tương tác
interactive,adjective,c1,tương tác
interest,noun,a1,sự quan tâm
interest,verb,a1,làm cho quan tâm
interested,adjective,a1,quan tâm
interesting,adjective,a1,thú vị
interface,noun,c1,giao diện
interfere,verb,c1,can thiệp
interference,noun,c1,sự can thiệp
interim,adjective,c1,tạm thời
interior,adjective,c1,ở trong
interior,noun,c1,phần trong
intermediate,adjective,c1,trung gian
internal,adjective,b2,nội bộ
international,adjective,a2,quốc tế
internet,noun,a1,mạng
interpret,verb,b2,giải nghĩa
interpretation,noun,b2,sự diễn giải
interrupt,verb,b2,làm gián đoạn
interval,noun,b2,khoảng
intervene,verb,c1,can thiệp
intervention,noun,c1,sự can thiệp
interview,noun,a1,sự gặp gỡ
interview,verb,a1,gặp riêng
intimate,adjective,c1,thân mật
into,preposition,a1,vào
intriguing,adjective,c1,hấp dẫn
introduce,verb,a1,giới thiệu
introduction,noun,a2,sự giới thiệu
invade,verb,b2,xâm chiếm
invasion,noun,b2,cuộc xâm lược
invent,verb,a2,phát minh ra
invention,noun,a2,phát minh
invest,verb,b1,đầu tư
investigate,verb,b1,điều tra
investigation,noun,b2,cuộc điều tra
investigator,noun,c1,điều tra viên
investment,noun,b2,đầu tư
investor,noun,b2,nhà đầu tư
invisible,adjective,c1,vô hình
invitation,noun,a2,lời mời
invite,verb,a2,mời
invoke,verb,c1,gọi
involve,verb,a2,liên quan đến
involved,adjective,b1,liên quan
involvement,noun,c1,sự tham gia
iron,noun,b1,sắt
iron,verb,b1,tra sắt vào
ironic,adjective,c1,mỉa mai
ironically,adverb,c1,trớ trêu thay
irony,noun,c1,sự mỉa mai
irrelevant,adjective,c1,không liên quan
island,noun,a1,đảo
isolate,verb,b2,cô lập
isolated,adjective,b2,bị cô lập
isolation,noun,c1,sự cô lập
issue,noun,b1,sự phát ra
issue,verb,b2,đưa ra
IT,noun,b1,cntt
it,pronoun,a1,nó
item,noun,a2,mục
its,determiner,a1,nó
itself,pronoun,a2,chính nó
jacket,noun,a1,áo khoác
jail,noun,b2,tù
jail,verb,b2,tống giam
jam,noun,a2,mứt
January,noun,a1,tháng giêng
jazz,noun,a2,nhạc jazz
jeans,noun,a1,quần jean
jet,noun,b2,máy bay phản lực
jewellery,noun,a2,đồ trang sức
job,noun,a1,công việc
join,verb,a1,tham gia
joint,adjective,b2,chung
joint,noun,b2,chỗ nối
joke,noun,a2,lời nói đùa
joke,verb,a2,nói đùa
journal,noun,b1,tạp chí
journalism,noun,b2,báo chí
journalist,noun,a2,nhà báo
journey,noun,a1,hành trình
joy,noun,b2,niềm vui
judge,noun,b1,quan toà
judge,verb,b1,xét xử
judgement,noun,b2,sự phán xét
judicial,adjective,c1,tư pháp
juice,noun,a1,nước trái cây
July,noun,a1,tháng bảy
jump,noun,a2,sự nhảy
jump,verb,a2,nhảy
junction,noun,c1,ngã ba
June,noun,a1,tháng sáu
junior,adjective,b2,thiếu niên
jurisdiction,noun,c1,quyền tài phán
jury,noun,b2,bồi thẩm đoàn
just,adjective,c1,công bằng
just,adverb,a1,đúng
justice,noun,b2,công lý
justification,noun,c1,sự biện minh
justify,verb,b2,biện minh
keen,adjective,b1,quan tâm
keep,verb,a1,giữ
key,adjective,a1,chìa khóa
key,noun,a1,chìa khoá
key,verb,b1,khoá lại
keyboard,noun,b1,bàn phím
kick,noun,b1,trôn chai
kick,verb,b1,đá
kid,noun,a2,đứa trẻ
kidnap,verb,c1,bắt cóc
kidney,noun,c1,thận
kill,verb,a2,giết
killing,noun,b1,giết chết
kilometre,noun,a1,km
kind,adjective,b1,tử tế
kind,noun,a1,loài giống
king,noun,a2,vua
kingdom,noun,c1,vương quốc
kiss,noun,b1,cái hôn
kiss,verb,b1,hôn
kit,noun,b2,bộ
kitchen,noun,a1,nhà bếp
knee,noun,a2,đầu gối
knife,noun,a2,con dao
knock,noun,b1,cú đánh
knock,verb,a2,đập
know,verb,a1,biết
knowledge,noun,a2,kiến thức
lab,noun,a2,phòng thí nghiệm
label,noun,b1,một miếng vật liệu
label,verb,b1,ngoại động từ. dán
laboratory,noun,b1,phòng thí nghiệm
labour,noun,b2,lao động
lack,noun,b1,sự thiếu
lack,verb,b1,thiếu
lad,noun,c1,chàng trai
ladder,noun,b2,cái thang
lady,noun,a2,quý bà
lake,noun,a2,hồ
lamp,noun,a2,đèn
land,noun,a1,đất
land,verb,a2,đưa vào bờ
landing,noun,b2,hạ cánh
landlord,noun,c1,chủ nhà
landmark,noun,c1,cột mốc
landscape,noun,b2,phong cảnh
lane,noun,b2,làn đường
language,noun,a1,ngôn ngữ
lap,noun,c1,lòng
laptop,noun,a2,máy tính xách tay
large,adjective,a1,lớn
large-scale,adjective,c1,quy mô lớn
largely,adverb,b2,phần lớn
laser,noun,c1,tia laze
last,adverb,a2,cuối cùng
last,determiner,a1,cuối cùng
last,noun,a2,khuôn giày
last,verb,a2,tồn tại
late,adjective,a1,muộn
late,adverb,a1,muộn
lately,adverb,b2,gần đây
later,adjective,a2,muộn hơn
later,adverb,a1,về sau
latest,adjective,b1,muộn nhất
latest,noun,b2,mới nhất
latter,adjective,c1,sau cùng
latter,noun,c1,sau
laugh,noun,a1,tiếng cười
laugh,verb,a1,cười
laughter,noun,a2,tiếng cười
launch,noun,b2,xuồng lớn
launch,verb,b2,hạ thuỷ
law,noun,a2,luật
lawn,noun,c1,bãi cỏ
lawsuit,noun,c1,vụ kiện
lawyer,noun,a2,luật sư
lay,verb,b1,nằm
layer,noun,b1,lớp
layout,noun,c1,bố cục
lazy,adjective,a2,lười biếng
lead,noun,b1,chì
lead,verb,a2,buộc chì
leader,noun,a2,người lãnh đạo
leadership,noun,b2,sự lãnh đạo
leading,adjective,b1,dẫn đầu
leaf,noun,b1,lá
leaflet,noun,b2,tờ rơi
league,noun,b2,giải đấu
leak,noun,c1,lỗ thủng
leak,verb,c1,lọt qua
lean,verb,b2,nạc
leap,noun,c1,sự nhảy
leap,verb,c1,nhảy qua
learn,verb,a1,học
learning,noun,a2,học tập
least,adverb,a2,tối thiểu
least,determiner,a2,ít nhất
least,pronoun,a2,ít nhất
leather,noun,b1,da
leave,noun,b2,sự cho phép
leave,verb,a1,để lại
lecture,noun,a2,bài diễn thuyết
lecture,verb,a2,diễn thuyết
left,adjective,a1,trái
left,adverb,a1,trái
left,noun,a1,phía bên trái
leg,noun,a1,chân
legacy,noun,c1,di sản
legal,adjective,b1,hợp pháp
legend,noun,b2,truyền thuyết
legendary,adjective,c1,huyền thoại
legislation,noun,c1,pháp luật
legislative,adjective,c1,lập pháp
legislature,noun,c1,cơ quan lập pháp
legitimate,adjective,c1,hợp pháp
leisure,noun,b1,nhàn rỗi
lemon,noun,a2,chanh
lend,verb,a2,cho mượn
length,noun,b1,chiều dài
lengthy,adjective,c1,dài
lens,noun,b2,ống kính
lesbian,adjective,c1,đồng tính nữ
less,adverb,a2,nhỏ hơn
less,determiner,a2,ít hơn
less,pronoun,a2,ít hơn
lesser,adjective,c1,ít hơn
lesson,noun,a1,bài học
let,verb,a1,hãy
lethal,adjective,c1,gây chết người
letter,noun,a1,lá thư
level,adjective,b1,phẳng
level,noun,a2,ống bọt nước
level,verb,b2,san phẳng
liable,adjective,c1,chịu trách nhiệm
liberal,adjective,c1,rộng rãi
liberal,noun,c1,người theo chủ nghĩa
liberation,noun,c1,sự giải phóng
liberty,noun,c1,tự do
library,noun,a1,thư viện
licence,noun,b2,giấy phép
license,verb,c1,giấy phép
lie,noun,b1,sự nói dối
lie,verb,a1,nói dối
lie,verb,b1,nói dối
life,noun,a1,cuộc sống
lifelong,adjective,c1,suốt đời
lifestyle,noun,a2,lối sống
lifetime,noun,b2,trọn đời
lift,noun,a2,sự nâng lên
lift,verb,a2,giơ lên
light,adjective,a1,sáng sủa
light,noun,a1,ánh sáng
light,verb,a2,đốt
lighting,noun,b2,ánh sáng
like,noun,b1,người thuộc loại như
like,preposition,a1,như
like,verb,a1,thích ưa
likelihood,noun,c1,khả năng
likely,adjective,a2,có thể
likewise,adverb,b2,tương tự
limb,noun,c1,chân tay
limit,noun,b1,giới hạn
limit,verb,b1,giới hạn
limitation,noun,b2,giới hạn
limited,adjective,b2,hạn chế
line,noun,a1,dây
line,verb,b2,vạch
line-up,noun,c1,xếp hàng
linear,adjective,c1,tuyến tính
linger,verb,c1,nán lại
link,noun,a2,trong đời sống. liên
link,verb,a2,trong đời sống. hành
lion,noun,a1,sư tử
lip,noun,b1,môi
liquid,adjective,b1,lỏng
liquid,noun,b1,chất lỏng
list,noun,a1,trạng thái nghiêng
list,verb,a1,viềm
listen,verb,a1,lắng nghe
listener,noun,a2,người nghe
listing,noun,c1,danh sách
literacy,noun,c1,khả năng đọc viết
literally,adverb,b2,theo nghĩa đen
literary,adjective,b2,văn học
literature,noun,b1,văn học
litre,noun,b2,lít
litter,noun,b2,rác
little,adjective,a1,nhỏ bé
little,adverb,a2,ít
little,determiner,a1,ít
little,pronoun,a1,nhỏ
live,adjective,b1,sống
live,adverb,b1,sống
live,verb,a1,sống
lively,adjective,b2,sống động
liver,noun,c1,gan
living,adjective,b1,sống
living,noun,b1,cuộc sống sinh hoạt
load,noun,b2,vậy nặng
load,verb,b2,chất
loan,noun,b2,khoản vay
lobby,noun,c1,hành lang.lbb
lobby,verb,c1,vận động ở hành
local,adjective,a1,địa phương
local,noun,b1,người dân địa phương
locate,verb,b1,định vị
located,adjective,b1,nằm
location,noun,b1,vị trí
lock,noun,a2,khóa
lock,verb,a2,khóa
log,noun,c1,khúc gỗ mới đốn
log,verb,c1,chặt thành từng khúc
logic,noun,c1,logic
logical,adjective,b2,logic
logo,noun,b2,biểu tượng
lonely,adjective,b1,cô đơn
long,adjective,a1,dài
long,adverb,a1,lâu
long-standing,adjective,c1,lâu đời
long-term,adjective,b2,dài hạn
long-term,adverb,b2,lâu dài
long-time,adjective,c1,lâu dài
look,noun,a2,cái nhìn
look,verb,a1,nhìn
loom,verb,c1,khung dệt
loop,noun,c1,vòng lặp
loose,adjective,b2,lỏng lẻo
lord,noun,b2,chúa tể
lorry,noun,a2,xe tải
lose,verb,a1,thua
loss,noun,b1,mất mát
lost,adjective,a2,bị mất
lot,adverb,a1,nhiều
lot,determiner,a1,lô
lot,pronoun,a1,rất nhiều
lottery,noun,b2,xổ số
loud,adjective,a2,to
loud,adverb,a2,to
loudly,adverb,a2,lớn tiếng
love,noun,a1,lòng yêu
love,verb,a1,yêu
lovely,adjective,a2,đáng yêu
low,adjective,a2,thấp
low,adverb,a2,thấp
low,noun,b2,tiếng rống
lower,verb,b2,thấp hơn
loyal,adjective,b2,trung thành
loyalty,noun,c1,lòng trung thành
luck,noun,a2,may mắn
lucky,adjective,a2,may mắn
lunch,noun,a1,bữa trưa
lung,noun,b2,phổi
luxury,adjective,b1,sang trọng
luxury,noun,b1,sự xa xỉ
lyric,noun,b2,lời bài hát
machine,noun,a1,máy
machinery,noun,c1,máy móc
mad,adjective,b1,điên
magazine,noun,a1,tạp chí
magic,adjective,b1,ma thuật
magic,noun,b1,ma thuật
magical,adjective,c1,huyền diệu
magistrate,noun,c1,thẩm phán
magnetic,adjective,c1,từ tính
magnificent,adjective,b2,tráng lệ
magnitude,noun,c1,độ lớn
mail,noun,a2,áo giáp
mail,verb,a2,mặc áo giáp
main,adjective,a1,chính
mainland,noun,c1,đất liền
mainly,adverb,b1,chủ yếu
mainstream,adjective,c1,chủ đạo
mainstream,noun,c1,xu hướng chủ đạo
maintain,verb,b2,duy trì
maintenance,noun,c1,bảo trì
major,adjective,a2,lớn
major,noun,,thiếu tá
majority,noun,b2,đa số
make,noun,b2,hình dáng
make,verb,a1,làm
make-up,noun,b2,trang điểm
making,noun,b2,làm
male,adjective,a2,trai
male,noun,a2,con trai
mall,noun,b1,trung tâm mua sắm
man,noun,a1,người đàn ông
manage,verb,a2,quản lý
management,noun,b1,quản lý
manager,noun,a2,người quản lý
mandate,noun,c1,sự ủy thác
mandatory,adjective,c1,bắt buộc
manifest,verb,c1,biểu hiện
manipulate,verb,c1,thao túng
manipulation,noun,c1,sự thao túng
manner,noun,a2,cách
manufacture,verb,b2,sản xuất
manufacturing,noun,b2,sản xuất
manuscript,noun,c1,bản thảo
many,determiner,a1,nhiều
many,pronoun,a1,nhiều
map,noun,a1,bản đồ
map,verb,b2,vẽ lên bản đồ
marathon,noun,b2,maratông
March,noun,a1,tháng ba
march,noun,c1,tháng ba
march,verb,c1,trường chinh
margin,noun,b2,lề
marginal,adjective,c1,cận biên
marine,adjective,c1,biển
mark,noun,a2,dấu
mark,verb,a2,đánh dấu
marker,noun,b2,điểm đánh dấu
market,noun,a1,chợ
market,verb,b1,bán ở chợ
marketing,noun,b1,tiếp thị
marketplace,noun,c1,chợ
marriage,noun,b1,hôn nhân
married,adjective,a1,đã kết hôn
marry,verb,a2,kết hôn
martial,adjective,b2,võ
mask,noun,c1,mặt nạ
mass,adjective,b2,khối lượng
mass,noun,b2,lễ mét
massacre,noun,c1,vụ thảm sát
massive,adjective,b2,đồ sộ
master,noun,b2,chủ
master,verb,b2,làm chủ
match,noun,a1,diêm
match,verb,a1,đối chọi
matching,adjective,b2,phù hợp
mate,noun,b2,nước chiếu tướng
mate,verb,b2,chiếu tướng cho bí
material,adjective,b2,vật chất
material,noun,a2,chất
mathematical,adjective,c1,toán học
mathematics,noun,a2,toán học
maths,noun,a2,toán học
matter,noun,a2,chất
matter,verb,a2,có ý nghĩa
mature,adjective,c1,chín
mature,verb,c1,làm cho chín
maximize,verb,c1,tối đa hóa
maximum,adjective,b2,cực độ
maximum,noun,b2,điểm cao nhất
May,noun,a1,tháng năm
may,modal verb,a2,có thể
maybe,adverb,a1,có lẽ
mayor,noun,b2,thị trưởng
me,pronoun,a1,tôi
meal,noun,a1,bữa ăn
mean,verb,a1,nghĩa
meaning,noun,a1,ý nghĩa
meaningful,adjective,c1,có ý nghĩa
means,noun,b2,có nghĩa là
meantime,noun,c1,trong khi đó
meanwhile,adverb,b1,trong khi đó
measure,noun,b1,sự đo
measure,verb,b1,đo
measurement,noun,b2,đo lường
meat,noun,a1,thịt
mechanic,noun,b2,thợ cơ khí
mechanical,adjective,b2,cơ khí
mechanism,noun,b2,cơ chế
medal,noun,b2,huy chương
media,noun,a2,phương tiện truyền thông
medical,adjective,a2,y tế
medication,noun,b2,thuốc
medicine,noun,a2,thuốc
medieval,adjective,c1,thời trung cổ
meditation,noun,c1,thiền
medium,adjective,b1,trung bình
medium,noun,b2,người trung gian
meet,verb,a1,gặp gỡ
meeting,noun,a1,cuộc họp
melody,noun,c1,giai điệu
melt,verb,b2,tan chảy
member,noun,a1,thành viên
membership,noun,b2,thành viên
memo,noun,c1,bản ghi nhớ
memoir,noun,c1,hồi ký
memorable,adjective,b2,đáng nhớ
memorial,noun,c1,đài tưởng niệm
memory,noun,a2,trí nhớ
mental,adjective,b1,tinh thần
mention,noun,b1,sự kể ra
mention,verb,a2,kể ra
mentor,noun,c1,người cố vấn
menu,noun,a1,thực đơn
merchant,noun,c1,người buôn bán
mercy,noun,c1,lòng thương xót
mere,adjective,c1,chỉ
merely,adverb,c1,chỉ
merge,verb,c1,hợp nhất
merger,noun,c1,sự sáp nhập
merit,noun,c1,công đức
mess,noun,b1,lộn xộn
message,noun,a1,tin nhắn
metal,noun,a2,kim loại
metaphor,noun,b2,ẩn dụ
method,noun,a2,phương pháp
methodology,noun,c1,phương pháp
metre,noun,a1,mét
middle,adjective,a2,ở giữa
middle,noun,a2,giữa
midnight,noun,a1,nửa đêm
midst,noun,c1,ở giữa
might,modal verb,a2,có thể
migration,noun,c1,sự di cư
mild,adjective,b1,nhẹ
mile,noun,a1,dặm
militant,adjective,c1,chiến đấu
militant,noun,c1,người chiến đấu
military,adjective,b2,quân đội
military,noun,b2,the military quân đội
militia,noun,c1,dân quân
milk,noun,a1,sữa
mill,noun,c1,cối xay
million,number,a1,triệu
mind,noun,a2,tâm
mind,verb,a2,chú ý
mine,noun,b1,mỏ
mine,pronoun,a2,của tôi
miner,noun,b2,thợ mỏ
mineral,noun,b2,khoáng sản
minimal,adjective,c1,tối thiểu
minimize,verb,c1,giảm thiểu
minimum,adjective,b2,tối thiểu
minimum,noun,b2,số lượng tối thiểu
mining,noun,c1,khai thác mỏ
minister,noun,b2,bộ trưởng
ministry,noun,c1,bộ
minor,adjective,b2,thứ yếu
minority,noun,b2,thiểu số
minute,adjective,c1,nhỏ
minute,noun,a1,phút
miracle,noun,c1,phép lạ
mirror,noun,a2,tấm gương
miserable,adjective,b2,khốn khổ
misery,noun,c1,khốn khổ
misleading,adjective,c1,gây hiểu lầm
miss,verb,a1,nhớ
missile,noun,c1,tên lửa
missing,adjective,a2,thiếu
mission,noun,b2,sứ mệnh
mistake,noun,a1,lỗi
mistake,verb,b2,phạm sai lầm
mix,noun,b1,trộn
mix,verb,b1,trộn
mixed,adjective,b2,hỗn hợp
mixture,noun,b1,hỗn hợp
mob,noun,c1,đám đông
mobile,adjective,a2,chuyển động
mobile,noun,a2,di động
mobility,noun,c1,tính di động
mobilize,verb,c1,huy động
mode,noun,b2,chế độ
model,noun,a1,kiểu
model,verb,b2,làm mẫu
moderate,adjective,c1,vừa phải
modern,adjective,a1,hiện đại
modest,adjective,b2,khiêm tốn
modification,noun,c1,sửa đổi
modify,verb,b2,sửa đổi
moment,noun,a1,khoảnh khắc
momentum,noun,c1,đà
Monday,noun,a1,thứ hai
money,noun,a1,tiền
monitor,noun,b2,trưởng lớp
monitor,verb,b2,nghe và ghi các
monk,noun,c1,tu sĩ
monkey,noun,a2,con khỉ
monopoly,noun,c1,sự độc quyền
monster,noun,b2,quái vật
month,noun,a1,tháng
monthly,adjective,b2,hàng tháng
monument,noun,b2,tượng đài
mood,noun,b1,tâm trạng
moon,noun,a2,mặt trăng
moral,adjective,b2,đạo đức
moral,noun,b2,bài học
morality,noun,c1,đạo đức
more,adverb,a1,hơn
more,determiner,a1,nhiều hơn
more,pronoun,a1,hơn nữa
moreover,adverb,b2,hơn nữa
morning,noun,a1,buổi sáng
mortgage,noun,b2,thế chấp
mosque,noun,b2,nhà thờ hồi giáo
most,adverb,a1,nhất
most,determiner,a1,nhất
most,pronoun,a1,nhất
mostly,adverb,a2,hầu hết
mother,noun,a1,mẹ
motion,noun,b2,chuyển động
motivate,verb,b2,thúc đẩy
motivation,noun,b2,động lực
motive,noun,c1,động cơ
motor,adjective,b2,vận động
motor,noun,b2,động cơ mô tô
motorcycle,noun,a2,xe gắn máy
motorist,noun,c1,người lái xe
mount,verb,b2,gắn kết
mountain,noun,a1,núi
mouse,noun,a1,chuột
mouth,noun,a1,miệng
move,noun,b1,sự chuyển động
move,verb,a1,chuyển
movement,noun,a2,chuyển động
movie,noun,a1,phim
moving,adjective,b2,di chuyển
much,adverb,a1,nhiều
much,determiner,a1,nhiều
much,pronoun,a1,nhiều
mud,noun,b1,bùn
multiple,adjective,b2,nhiều
multiply,verb,b2,nhân lên
mum,noun,a1,mẹ
municipal,adjective,c1,thành phố
murder,noun,b1,tội giết người
murder,verb,b1,giết
muscle,noun,b1,cơ bắp
museum,noun,a1,bảo tàng
music,noun,a1,âm nhạc
musical,adjective,a2,nhạc
musical,noun,b1,chương trình nhạc
musician,noun,a2,nhạc sĩ
must,modal verb,a1,phải
mutual,adjective,c1,lẫn nhau
my,determiner,a1,của tôi
myself,pronoun,a2,bản thân tôi
mysterious,adjective,b2,bí ẩn
mystery,noun,b1,bí ẩn
myth,noun,b2,huyền thoại
nail,noun,b1,cái đinh
naked,adjective,b2,khỏa thân
name,noun,a1,tên
name,verb,a1,đặt tên
namely,adverb,c1,cụ thể là
narrative,adjective,b1,dưới hình thức kể
narrative,noun,b1,chuyện kể
narrow,adjective,a2,hẹp
narrow,verb,b2,thu hẹp
nasty,adjective,b2,khó chịu
nation,noun,b1,dân tộc
national,adjective,a2,dân tộc
national,noun,b2,kiều dân
nationwide,adjective,c1,toàn quốc
native,adjective,b1,nơi sinh
native,noun,b1,người sinh ở
natural,adjective,a1,tự nhiên
naturally,adverb,b1,một cách tự nhiên
nature,noun,a2,thiên nhiên
naval,adjective,c1,hải quân
navigation,noun,b2,điều hướng
near,adjective,a1,gần
near,adverb,a1,gần
near,preposition,a1,gần
nearby,adjective,b2,gần
nearby,adverb,b2,gần đó
nearly,adverb,a2,gần
neat,adjective,b2,gọn gàng
necessarily,adverb,b1,nhất thiết
necessary,adjective,a2,cần thiết
necessity,noun,b2,sự cần thiết
neck,noun,a2,cổ
need,noun,a2,sự cần
need,verb,a1,cần
need,modal verb,b1,cần
needle,noun,b1,kim
negative,adjective,a1,không
negative,noun,b2,lời từ chối
neglect,noun,c1,sự sao lãng
neglect,verb,c1,sao lãng
negotiate,verb,b2,đàm phán
negotiation,noun,b2,đàm phán
neighbour,noun,a1,hàng xóm
neighbourhood,noun,b1,khu phố
neighbouring,adjective,c1,lân cận
neither,adverb,b1,không... mà cũng không
neither,determiner,a2,không
neither,pronoun,a2,không cái nào
nerve,noun,b2,dây thần kinh
nervous,adjective,a2,lo lắng
nest,noun,c1,tổ
net,adjective,c1,thực
net,noun,b1,lưới
network,noun,a2,mạng
neutral,adjective,b2,trung lập
never,adverb,a1,không bao giờ
nevertheless,adverb,b2,tuy nhiên
new,adjective,a1,mới
newly,adverb,b2,mới
news,noun,a1,tin tức
newsletter,noun,c1,bản tin
newspaper,noun,a1,tờ báo
next,adjective,a1,sát
next,adverb,a1,sau
next,noun,b1,gần bên
next to,preposition,a1,bên cạnh
nice,adjective,a1,tốt đẹp
niche,noun,c1,hốc
night,noun,a1,đêm
nightmare,noun,b2,cơn ác mộng
nine,number,a1,chín
nineteen,number,a1,mười chín
ninety,number,a1,chín mươi
no,determiner,a1,không
no,exclamation,a1,không
no one,pronoun,a1,không có ai
noble,adjective,c1,cao quý
nobody,pronoun,a1,không ai
nod,verb,c1,gật đầu
noise,noun,a2,tiếng ồn
noisy,adjective,a2,ồn ào
nominate,verb,c1,đề cử
nomination,noun,c1,sự đề cử
nominee,noun,c1,người được đề cử
non-profit,adjective,c1,phi lợi nhuận
none,pronoun,a2,không có
nonetheless,adverb,c1,tuy nhiên
nonsense,noun,c1,điều vô nghĩa
noon,noun,c1,buổi trưa
nor,adverb,b1,mà... cũng không
nor,conjunction,b1,cũng không
norm,noun,b2,chuẩn mực
normal,adjective,a2,thường
normal,noun,b1,tình trạng bình thường
normally,adverb,a2,bình thường
north,adjective,a1,bắc
north,adverb,a1,về hướng bắc
north,noun,a1,hướng bắc
northern,adjective,b1,phía bắc
nose,noun,a1,mũi
not,adverb,a1,không
notable,adjective,c1,đáng chú ý
notably,adverb,c1,đáng chú ý
note,noun,a1,lời ghi
note,verb,b1,ghi nhớ
notebook,noun,b2,sổ tay
nothing,pronoun,a1,không có gì
notice,noun,a2,thông tri
notice,verb,a2,chú ý
notify,verb,c1,thông báo
notion,noun,b2,khái niệm
notorious,adjective,c1,khét tiếng
novel,adjective,c1,mới
novel,noun,a2,tiểu thuyết
novelist,noun,b2,tiểu thuyết gia
November,noun,a1,tháng mười một
now,adverb,a1,bây giờ
now,conjunction,b1,now thấy rằng
nowadays,adverb,b2,ngày nay
nowhere,adverb,a2,hư không
nuclear,adjective,b1,hạt nhân
number,noun,a1,số
number,verb,a2,đếm
numerous,adjective,b2,nhiều
nurse,noun,a1,y tá
nursery,noun,c1,nhà trẻ
nursing,noun,b2,điều dưỡng
nut,noun,a2,hạt
nutrition,noun,b2,dinh dưỡng
o'clock,adverb,a1,giờ
obesity,noun,b2,béo phì
obey,verb,b2,tuân theo
object,noun,a1,đồ vật
object,verb,b2,phản đối
objection,noun,c1,phản đối
objective,adjective,b2,khách quan
objective,noun,b2,mục tiêu
obligation,noun,b2,nghĩa vụ
oblige,verb,c1,bắt buộc
observation,noun,b2,sự quan sát
observe,verb,b2,quan sát
observer,noun,b2,người quan sát
obsess,verb,c1,ám ảnh
obsession,noun,c1,nỗi ám ảnh
obstacle,noun,b2,trở ngại
obtain,verb,b2,có được
obvious,adjective,b1,rõ ràng
obviously,adverb,b1,rõ ràng
occasion,noun,b1,dịp
occasional,adjective,c1,thỉnh thoảng
occasionally,adverb,b2,thỉnh thoảng
occupation,noun,b2,nghề nghiệp
occupy,verb,b2,chiếm giữ
occur,verb,b1,xảy ra
occurrence,noun,c1,sự xuất hiện
ocean,noun,a2,đại dương
October,noun,a1,tháng mười
odd,adjective,b1,kỳ quặc
odds,noun,c1,tỷ lệ cược
of,preposition,a1,của
off,adverb,a1,tắt
off,preposition,a1,tắt
offence,noun,b2,sự xúc phạm
offend,verb,b2,xúc phạm
offender,noun,b2,người phạm tội
offensive,adjective,b2,gây khó chịu
offer,noun,a2,đề nghị
offer,verb,a2,đưa ra đề nghị
offering,noun,c1,lễ vật
office,noun,a1,văn phòng
officer,noun,a2,sĩ quan
official,adjective,b1,chính quyền
official,noun,b2,viên chức
offspring,noun,c1,con cái
often,adverb,a1,thường xuyên
oh,exclamation,a1,ồ
oil,noun,a2,dầu
OK,adjective,a1,được
OK,adverb,a1,được
OK,exclamation,a1,được rồi
old,adjective,a1,cũ
old-fashioned,adjective,b1,lỗi thời
on,adverb,a1,tiếp
on,preposition,a1,trên
once,adverb,a1,một lần
once,conjunction,b1,khi mà
one,determiner,a1,một
one,number,a1,một
one,pronoun,a1,người ta
ongoing,adjective,b2,đang diễn ra
onion,noun,a1,hành tây
online,adjective,a1,trực tuyến
online,adverb,a1,trực tuyến
only,adjective,a1,chỉ có một
only,adverb,a1,chỉ
onto,preposition,a2,vào
open,adjective,a1,mở
open,verb,a1,mở
opening,noun,b2,mở đầu
openly,adverb,b2,một cách công khai
opera,noun,b2,opera
operate,verb,b2,vận hành
operation,noun,b1,hoạt động
operational,adjective,c1,hoạt động
operator,noun,b2,toán tử
opinion,noun,a1,ý kiến ​​
opponent,noun,b2,đối thủ
opportunity,noun,a2,cơ hội
oppose,verb,b2,phản đối
opposed,adjective,b2,phản đối
opposite,adjective,a1,đối nhau
opposite,adverb,a1,trước mặt
opposite,noun,a1,điều trái lại
opposite,preposition,a1,trước mặt
opposition,noun,b2,sự phản đối
opt,verb,c1,chọn
optical,adjective,c1,quang học
optimism,noun,c1,sự lạc quan
optimistic,adjective,b2,lạc quan
option,noun,a2,tùy chọn
or,conjunction,a1,hoặc
oral,adjective,c1,bằng miệng
orange,adjective,a1,có màu da cam
orange,noun,a1,quả cam
orchestra,noun,b2,dàn nhạc
order,noun,a1,thứ
order,verb,a1,ra lệnh
ordinary,adjective,a2,bình thường
organ,noun,b2,cơ quan
organic,adjective,b2,hữu cơ
organization,noun,a2,tổ chức
organizational,adjective,c1,tổ chức
organize,verb,a2,tổ chức
organized,adjective,b1,có tổ chức
organizer,noun,b1,người tổ chức
orientation,noun,c1,định hướng
origin,noun,b2,nguồn gốc
original,adjective,a2,gốc
original,noun,b1,nguyên bản
originally,adverb,b1,ban đầu
originate,verb,c1,nguồn gốc
other,adjective,a1,khác
other,pronoun,a1,khác
otherwise,adverb,b2,mặt khác
ought,modal verb,b1,nên
our,determiner,a1,của chúng tôi
ours,pronoun,b1,của chúng tôi
ourselves,pronoun,a2,chính chúng ta
out,adverb,a1,ngoài
out,preposition,a1,từ ở... ra
outbreak,noun,c1,sự bùng phát
outcome,noun,b2,kết quả
outdoor,adjective,b1,ngoài trời
outdoors,adverb,b1,ngoài trời
outer,adjective,b2,bên ngoài
outfit,noun,b2,trang phục
outing,noun,c1,chuyến đi chơi
outlet,noun,c1,lối thoát
outline,noun,b2,nét ngoài
outline,verb,b2,vẽ phác
outlook,noun,c1,triển vọng
output,noun,b2,đầu ra
outrage,noun,c1,sự xúc phạm
outrage,verb,c1,xúc phạm
outside,adjective,a2,ở ngoài
outside,adverb,a1,ở phía ngoài
outside,noun,a2,bề ngoài
outside,preposition,a2,ngoài
outsider,noun,c1,người ngoài cuộc
outstanding,adjective,b2,nổi bật
oven,noun,a2,lò nướng
over,adverb,a1,nghiêng
over,preposition,a1,hơn
overall,adjective,b2,toàn bộ
overall,adverb,b2,tổng thể
overcome,verb,b2,vượt qua
overlook,verb,c1,bỏ qua
overly,adverb,c1,quá mức
overnight,adverb,b2,qua đêm
overseas,adjective,b2,ngoài nước
overseas,adverb,b2,ở nước ngoài
oversee,verb,c1,giám sát
overturn,verb,c1,lật đổ
overwhelm,verb,c1,áp đảo
overwhelming,adjective,c1,áp đảo
owe,verb,b2,nợ
own,adjective,a1,của chính mình
own,pronoun,a1,riêng
own,verb,a2,có
owner,noun,a2,chủ sở hữu
ownership,noun,b2,quyền sở hữu
oxygen,noun,b2,oxy
pace,noun,b2,bước chân
pace,verb,b2,đi từng bước
pack,noun,b1,bó
pack,verb,a2,gói
package,noun,b1,gói đồ
package,verb,b2,đóng gói
packet,noun,b2,gói
pad,noun,c1,đệm
page,noun,a1,trang
pain,noun,a2,sự đau đớn
painful,adjective,b1,đau đớn
paint,noun,a1,sơn
paint,verb,a1,sơn
painter,noun,a2,họa sĩ
painting,noun,a1,bức tranh
pair,noun,a1,cặp
palace,noun,a2,cung điện
pale,adjective,b1,nhạt
palm,noun,b2,lòng bàn tay
pan,noun,b1,chảo
panel,noun,b2,bảng điều khiển
panic,noun,b2,hoảng loạn
pants,noun,a2,quần
paper,noun,a1,giấy
parade,noun,b2,cuộc diễu hành
paragraph,noun,a1,đoạn
parallel,adjective,b2,song song
parallel,noun,b2,đường song song
parameter,noun,c1,tham số
parent,noun,a1,cha mẹ
parental,adjective,c1,cha mẹ
parish,noun,c1,giáo xứ
park,noun,a1,vườn hoa
park,verb,a1,khoanh vùng thành công
parking,noun,a2,bãi đậu xe
parliament,noun,b2,quốc hội
parliamentary,adjective,c1,nghị viện
part,noun,a1,một phần
part-time,adjective,b2,bán thời gian
partial,adjective,c1,một phần
partially,adverb,c1,một phần
participant,noun,b2,người tham gia
participate,verb,b1,tham gia
participation,noun,b2,sự tham gia
particular,adjective,a2,đặc biệt
particularly,adverb,b1,đặc biệt
partly,adverb,b2,một phần
partner,noun,a1,đối tác
partnership,noun,b2,quan hệ đối tác
party,noun,a1,bữa tiệc
pass,noun,b1,sự thi đỗ
pass,verb,a2,đi
passage,noun,b2,đoạn văn
passenger,noun,a2,hành khách
passing,noun,c1,đi qua
passion,noun,b1,niềm đam mê
passionate,adjective,b2,đam mê
passive,adjective,c1,thụ động
passport,noun,a1,hộ chiếu
password,noun,b2,mật khẩu
past,adjective,a1,quá khứ
past,adverb,a2,qua
past,noun,a1,quá khứ
past,preposition,a1,quá
pastor,noun,c1,mục sư
patch,noun,c1,vá
patent,noun,c1,bằng sáng chế
path,noun,b1,con đường
pathway,noun,c1,con đường
patience,noun,b2,kiên nhẫn
patient,adjective,b2,kiên nhẫn
patient,noun,a2,người bệnh
patrol,noun,c1,đội tuần tra
patrol,verb,c1,đi tuần tra
patron,noun,c1,người bảo trợ
pattern,noun,a2,khuôn mẫu
pause,noun,b2,sự tạm nghỉ
pause,verb,b2,tạm nghỉ
pay,noun,a2,trả tiền
pay,verb,a1,trả
payment,noun,b1,thanh toán
peace,noun,a2,hòa bình
peaceful,adjective,b1,yên bình
peak,noun,c1,đỉnh cao
peasant,noun,c1,nông dân
peculiar,adjective,c1,đặc biệt
peer,noun,b2,ngang hàng
pen,noun,a1,cây bút
penalty,noun,b2,hình phạt
pencil,noun,a1,bút chì
penny,noun,a2,đồng xu
pension,noun,b2,lương hưu
people,noun,a1,mọi người
pepper,noun,a1,hạt tiêu
per,preposition,a2,mỗi
per cent,adjective,a2,phần trăm
per cent,adverb,a2,phần trăm
per cent,noun,a2,phần trăm
perceive,verb,b2,nhận thức được
percentage,noun,b1,tỷ lệ phần trăm
perception,noun,b2,nhận thức
perfect,adjective,a1,hoàn hảo
perfectly,adverb,b1,một cách hoàn hảo
perform,verb,a2,thực hiện
performance,noun,b1,hiệu suất
perhaps,adverb,a2,có lẽ
period,noun,a1,thời kỳ
permanent,adjective,b2,vĩnh viễn
permanently,adverb,b2,vĩnh viễn
permission,noun,a2,sự cho phép
permit,noun,b2,giấy phép
permit,verb,b2,cho phép
persist,verb,c1,kiên trì
persistent,adjective,c1,dai dẳng
person,noun,a1,người
personal,adjective,a1,cá nhân
personality,noun,a2,tính cách
personally,adverb,b1,cá nhân
personnel,noun,c1,nhân sự
perspective,noun,b2,quan điểm
persuade,verb,b1,thuyết phục
pet,noun,a2,thú cưng
petition,noun,c1,lời thỉnh cầu
petrol,noun,a2,xăng
phase,noun,b2,giai đoạn
phenomenon,noun,b2,hiện tượng
philosopher,noun,c1,triết gia
philosophical,adjective,c1,triết học
philosophy,noun,b2,triết học
phone,noun,a1,điện thoại
phone,verb,a1,gọi điện thoại
photo,noun,a1,bức ảnh
photograph,noun,a1,ảnh
photograph,verb,a2,chụp ảnh
photographer,noun,b1,nhiếp ảnh gia
photography,noun,b1,nhiếp ảnh
phrase,noun,a1,cụm từ
physical,adjective,a2,vật lý
physician,noun,c1,bác sĩ
physics,noun,a2,vật lý
piano,noun,a1,piano
pick,noun,b2,sự chọn lọc
pick,verb,a2,cuốc
picture,noun,a1,bức tranh
picture,verb,b2,về
piece,noun,a1,mảnh
pig,noun,a1,lợn
pile,noun,b2,cọc
pile,verb,b2,đóng cọc
pill,noun,b2,viên thuốc
pilot,noun,a2,phi công
pin,noun,b1,ghim
pin,verb,b1,ghim
pink,adjective,a1,hồng
pink,noun,a1,cây cẩm chướng
pioneer,noun,c1,đội tiên phong
pioneer,verb,c1,mở
pipe,noun,b1,ống
pipeline,noun,c1,đường ống
pirate,noun,c1,cướp biển
pit,noun,c1,hố
pitch,noun,b2,cao độ
pity,noun,b2,đáng tiếc
place,noun,a1,nơi
place,verb,b1,để
placement,noun,b2,vị trí
plain,adjective,b2,đơn giản
plan,noun,a1,sơ đồ
plan,verb,a1,vẽ bản đồ của
plane,noun,a1,máy bay
planet,noun,a2,hành tinh
planning,noun,b1,kế hoạch
plant,noun,a1,sinh vật có khả
plant,verb,a2,trồng
plastic,adjective,a2,dẻo
plastic,noun,a2,chất dẻo
plate,noun,a2,tấm
platform,noun,a2,nền tảng
play,noun,a1,sự vui chơi
play,verb,a1,chơi
player,noun,a1,người chơi
plea,noun,c1,lời cầu xin
plead,verb,c1,cầu xin
pleasant,adjective,b1,dễ chịu
please,exclamation,a1,làm ơn
please,verb,a2,làm vui lòng
pleased,adjective,a2,hài lòng
pleasure,noun,b1,niềm vui
pledge,noun,c1,của đợ
pledge,verb,c1,cầm cố
plenty,pronoun,b1,nhiều
plot,noun,b1,mảnh đất nhỏ
plot,verb,b2,vẽ sơ đồ
plug,noun,c1,nút
plug,verb,c1,bít lại bằng nút
plunge,verb,c1,lao xuống
plus,adjective,b2,cộng
plus,conjunction,b2,cộng
plus,noun,b2,cộng
plus,preposition,b1,cộng: sự đọc của
pocket,noun,a2,túi
poem,noun,b1,bài thơ
poet,noun,b1,nhà thơ
poetry,noun,b1,thơ
point,noun,a1,mũi nhọn mũi kim
point,verb,b1,vót nhọn
pointed,adjective,b2,nhọn
poison,noun,b1,chất độc
poison,verb,b1,bỏ thuốc độc
poisonous,adjective,b1,độc
pole,noun,c1,cực
police,noun,a1,cảnh sát
policeman,noun,a1,cảnh sát
policy,noun,b1,chính sách
polite,adjective,a2,lịch sự
political,adjective,b1,chính trị
politician,noun,b1,chính trị gia
politics,noun,b1,chính trị
poll,noun,c1,cuộc thăm dò ý
pollution,noun,a2,ô nhiễm
pond,noun,c1,ao
pool,noun,a1,bể bơi
poor,adjective,a1,nghèo
pop,adjective,a2,bật lên
pop,noun,a2,buổi hoà nhạc bình
pop,verb,c1,nổ bốp
popular,adjective,a1,phổ biến
popularity,noun,b2,sự nổi tiếng
population,noun,a2,dân số
port,noun,b1,cổng
portfolio,noun,c1,danh mục đầu tư
portion,noun,b2,phần
portrait,noun,b1,chân dung
portray,verb,c1,miêu tả
pose,verb,b2,tư thế
position,noun,a2,vị trí
position,verb,b2,đặt vào vị trí
positive,adjective,a1,xác thực
positive,noun,b2,điều xác thực
possess,verb,b2,sở hữu
possession,noun,a2,sự sở hữu
possibility,noun,a2,khả năng
possible,adjective,a1,có thể
possibly,adverb,b1,có thể
post,noun,a1,cột trụ
post,verb,a1,dán
post-war,adjective,c1,sau chiến tranh
poster,noun,a2,áp phích
postpone,verb,c1,trì hoãn
pot,noun,b1,cái nồi
potato,noun,a1,khoai tây
potential,adjective,b2,tiềm tàng
potential,noun,b2,tiềm lực
potentially,adverb,b2,có khả năng
pound,noun,a1,bảng anh
pour,verb,b1,đổ
poverty,noun,b1,sự nghèo đói
powder,noun,b1,bột
power,noun,a2,khả năng
power,verb,b2,cung cấp lực
powerful,adjective,b1,mạnh mẽ
practical,adjective,b1,thực tế
practice,noun,a1,thực hành
practise,verb,a1,thực hành
practitioner,noun,c1,người thực hành
praise,noun,b2,sự khen ngợi
praise,verb,b2,khen ngợi
pray,verb,b1,cầu nguyện
prayer,noun,b1,lời cầu nguyện
preach,verb,c1,rao giảng
precede,verb,b2,đứng trước
precedent,noun,c1,tiền lệ
precious,adjective,b2,quý giá
precise,adjective,b2,chính xác
precisely,adverb,b2,chính xác
precision,noun,c1,độ chính xác
predator,noun,c1,kẻ săn mồi
predecessor,noun,c1,người tiền nhiệm
predict,verb,a2,dự đoán
predictable,adjective,b2,có thể dự đoán
prediction,noun,b1,dự đoán
predominantly,adverb,c1,chủ yếu
prefer,verb,a1,thích
preference,noun,b2,sở thích
pregnancy,noun,c1,mang thai
pregnant,adjective,b2,mang thai
prejudice,noun,c1,định kiến ​​
preliminary,adjective,c1,sơ bộ
premier,adjective,c1,hàng đầu
premise,noun,c1,tiền đề
premium,noun,c1,cao cấp
preparation,noun,b2,sự chuẩn bị
prepare,verb,a1,chuẩn bị
prepared,adjective,b1,chuẩn bị
prescribe,verb,c1,quy định
prescription,noun,c1,toa thuốc
presence,noun,b2,sự hiện diện
present,adjective,a1,có mặt
present,noun,a1,hiện tại
present,verb,a2,đưa ra
presentation,noun,b1,sự trình bày
presently,adverb,c1,hiện tại
preservation,noun,c1,sự bảo quản
preserve,verb,b2,bảo tồn
preside,verb,c1,chủ trì
presidency,noun,c1,tổng thống
president,noun,a2,chủ tịch
presidential,adjective,c1,tổng thống
press,noun,b1,sự ép
press,verb,b1,ép
pressure,noun,b1,áp lực
prestigious,adjective,c1,có uy tín
presumably,adverb,c1,có lẽ
presume,verb,c1,đoán
pretend,verb,b1,giả vờ
pretty,adjective,a1,xinh
pretty,adverb,a1,khá
prevail,verb,c1,chiếm ưu thế
prevalence,noun,c1,sự phổ biến
prevent,verb,a2,ngăn chặn
prevention,noun,c1,phòng ngừa
previous,adjective,b1,trước đó
previously,adverb,b1,trước đây
prey,noun,c1,con mồi
price,noun,a1,giá cả
price,verb,b2,giá
pride,noun,b2,niềm tự hào
priest,noun,b1,linh mục
primarily,adverb,b2,chủ yếu
primary,adjective,b1,chính
prime,adjective,b2,nguyên tố
prince,noun,b1,hoàng tử
princess,noun,b1,công chúa
principal,adjective,b2,chính
principal,noun,c1,người đứng đầu
principle,noun,b2,nguyên tắc
print,noun,b2,chữ in
print,verb,a2,in xuất bản
printer,noun,a2,máy in
printing,noun,b1,in ấn
prior,adjective,b2,trước
priority,noun,b2,ưu tiên
prison,noun,a2,nhà tù
prisoner,noun,b1,tù nhân
privacy,noun,b2,sự riêng tư
private,adjective,b1,riêng tư
privatization,noun,c1,tư nhân hóa
privilege,noun,c1,đặc quyền
prize,noun,a2,giải thưởng
probability,noun,b2,xác suất
probable,adjective,b2,có thể xảy ra
probably,adverb,a1,có lẽ
probe,noun,c1,cái thông
probe,verb,c1,dò bằng que thăm
problem,noun,a1,vấn đề
problematic,adjective,c1,có vấn đề
procedure,noun,b2,thủ tục
proceed,verb,b2,tiến hành
proceeding,noun,c1,tiến hành
proceeds,noun,c1,tiền thu được
process,noun,a2,quá trình
process,verb,b2,xử lý
processing,noun,c1,chế biến
processor,noun,c1,bộ xử lý
proclaim,verb,c1,tuyên bố
produce,noun,b2,sản lượng
produce,verb,a2,trình ra
producer,noun,b1,nhà sản xuất
product,noun,a1,sản phẩm
production,noun,b1,sản xuất
productive,adjective,c1,năng suất
productivity,noun,c1,năng suất
profession,noun,b1,nghề nghiệp
professional,adjective,a2,nghề
professional,noun,b2,chuyên gia
professor,noun,a2,giáo sư
profile,noun,a2,hồ sơ
profit,noun,b1,lợi nhuận
profitable,adjective,c1,có lợi nhuận
profound,adjective,c1,sâu sắc
program,noun,a2,chương trình
program,verb,b1,đặt chương trình
programme,noun,a1,chương trình
programming,noun,b2,lập trình
progress,noun,a2,sự tiến tới
progress,verb,b2,tiến tới
progressive,adjective,b2,tiến bộ
prohibit,verb,b2,cấm
project,noun,a1,kế hoạch
project,verb,b2,phóng
projection,noun,c1,phép chiếu
prominent,adjective,c1,nổi bật
promise,noun,a2,lời hứa
promise,verb,a2,hứa
promising,adjective,b2,đầy hứa hẹn
promote,verb,b1,thúc đẩy
promotion,noun,b2,khuyến mãi
prompt,verb,b2,nhắc nhở
pronounce,verb,a2,phát âm
pronounced,adjective,c1,phát âm
proof,noun,b2,bằng chứng
propaganda,noun,c1,tuyên truyền
proper,adjective,b1,thích hợp
properly,adverb,b1,đúng
property,noun,b1,tài sản
proportion,noun,b2,tỷ lệ
proposal,noun,b2,đề nghị
propose,verb,b2,đề nghị
proposition,noun,c1,đề xuất
prosecute,verb,c1,truy tố
prosecution,noun,c1,truy tố
prosecutor,noun,c1,công tố viên
prospect,noun,b2,triển vọng
prospective,adjective,c1,triển vọng
prosperity,noun,c1,sự thịnh vượng
protect,verb,a2,bảo vệ
protection,noun,b2,sự bảo vệ
protective,adjective,c1,bảo vệ
protein,noun,b2,chất đạm
protest,noun,b1,cuộc biểu tình
protest,verb,b1,long trọng
protester,noun,b2,người biểu tình
protocol,noun,c1,giao thức
proud,adjective,b1,tự hào
prove,verb,b1,chứng minh
provide,verb,a2,cung cấp
province,noun,c1,tỉnh
provincial,adjective,c1,tỉnh
provision,noun,c1,cung cấp
provoke,verb,c1,khiêu khích
psychiatric,adjective,c1,tâm thần
psychological,adjective,b2,tâm lý
psychologist,noun,b2,nhà tâm lý học
psychology,noun,b2,tâm lý học
pub,noun,a2,quán rượu
public,adjective,a2,chung
public,noun,a2,công chúng
publication,noun,b2,công bố
publicity,noun,b2,sự công khai
publish,verb,a2,xuất bản
publishing,noun,b2,xuất bản
pull,noun,b1,sự lôi
pull,verb,a2,lôi
pulse,noun,c1,nhịp đập
pump,noun,c1,giày nhảy
pump,verb,c1,bơm
punch,noun,c1,cú đấm
punch,verb,c1,đấm
punish,verb,b1,trừng phạt
punishment,noun,b1,sự trừng phạt
punk,noun,b2,nhạc punk
pupil,noun,b2,học sinh
purchase,noun,b2,sự mua
purchase,verb,b2,mua
pure,adjective,b2,tinh khiết
purely,adverb,b2,hoàn toàn
purple,adjective,a1,đỏ tía
purple,noun,a1,màu tía
purpose,noun,a2,mục đích
pursue,verb,b2,theo đuổi
pursuit,noun,b2,sự theo đuổi
push,noun,b1,sự xô
push,verb,a2,xô
put,verb,a1,đặt
puzzle,noun,b2,câu đố
qualification,noun,b1,trình độ chuyên môn
qualified,adjective,b1,đủ điều kiện
qualify,verb,b1,đủ điều kiện
quality,noun,a2,chất lượng
quantity,noun,a2,số lượng
quarter,noun,a1,một phần tư
queen,noun,a2,nữ hoàng
query,noun,c1,truy vấn
quest,noun,c1,nhiệm vụ
question,noun,a1,câu hỏi
question,verb,a2,hỏi
questionnaire,noun,b2,bảng câu hỏi
queue,noun,b1,đuôi sam
queue,verb,b1,+ up xếp hàng
quick,adjective,a1,nhanh chóng
quickly,adverb,a1,nhanh chóng
quiet,adjective,a1,yên tĩnh
quietly,adverb,a2,lặng lẽ
quit,verb,b1,bỏ
quite,adverb,a1,khá
quota,noun,c1,hạn ngạch
quotation,noun,b1,trích dẫn
quote,noun,b1,lời trích dẫn
quote,verb,b1,trích dẫn
race,noun,a2,nòi
race,verb,a2,chạy đua với
racial,adjective,b2,chủng tộc
racing,noun,b1,đua xe
racism,noun,b2,phân biệt chủng tộc
racist,adjective,b2,phân biệt chủng tộc
racist,noun,b2,người phân biệt chủng
radar,noun,c1,radar
radiation,noun,b2,bức xạ
radical,adjective,c1,cấp tiến
radio,noun,a1,đài phát thanh
rage,noun,c1,cơn thịnh nộ
raid,noun,c1,cuộc tấn công bất
raid,verb,c1,tấn công bất ngờ
rail,noun,b2,đường sắt
railway,noun,a2,đường sắt
rain,noun,a1,mưa
rain,verb,a1,mưa
raise,verb,a2,nâng cao
rally,noun,c1,sự tập hợp lại
rally,verb,c1,tập hợp lại
random,adjective,b2,ngẫu nhiên
range,noun,b1,dãy
range,verb,b2,sắp hàng
rank,noun,b2,hàng
rank,verb,b2,sắp xếp thành hàng
ranking,noun,c1,thứ hạng
rape,noun,c1,sự hâm hiếp
rape,verb,c1,hâm hiếp
rapid,adjective,b2,nhanh chóng
rapidly,adverb,b2,nhanh chóng
rare,adjective,b1,hiếm
rarely,adverb,b1,hiếm khi
rat,noun,b2,chuột
rate,noun,a2,tỷ lệ
rate,verb,b2,đánh gia
rather,adverb,a2,đúng hơn
rating,noun,b2,đánh giá
ratio,noun,c1,tỷ lệ
rational,adjective,c1,hợp lý
raw,adjective,b2,thô
ray,noun,c1,tia
reach,noun,b2,sự chìa ra
reach,verb,a2,chìa ra
react,verb,a2,phản ứng
reaction,noun,b1,phản ứng
read,verb,a1,đọc
reader,noun,a1,người đọc
readily,adverb,c1,dễ dàng
reading,noun,a1,đọc
ready,adjective,a1,sẵn sàng
real,adjective,a1,thực sự
realistic,adjective,b2,thực tế
reality,noun,b1,thực tế
realization,noun,c1,sự thực hiện
realize,verb,a2,nhận ra
really,adverb,a1,thực sự
realm,noun,c1,vương quốc
rear,adjective,c1,ở đằng sau
rear,noun,c1,bộ phận đằng sau
reason,noun,a1,lý do
reasonable,adjective,b2,hợp lý
reasonably,adverb,b2,hợp lý
reasoning,noun,c1,lý luận
reassure,verb,c1,trấn an
rebel,noun,c1,kẻ nổi loạn
rebellion,noun,c1,sự nổi loạn
rebuild,verb,b2,xây dựng lại
recall,verb,b2,nhớ lại
receipt,noun,b1,biên nhận
receive,verb,a2,nhận
receiver,noun,b2,người nhận
recent,adjective,a2,gần đây
recently,adverb,a2,gần đây
reception,noun,a2,sự tiếp nhận
recession,noun,b2,suy thoái
recipe,noun,a2,công thức
recipient,noun,c1,người nhận
reckon,verb,b2,tính toán
recognition,noun,b2,sự công nhận
recognize,verb,a2,nhận ra
recommend,verb,a2,đề nghị
recommendation,noun,b1,lời khuyên
reconstruction,noun,c1,tái thiết
record,noun,a2,bản ghi
record,verb,a2,ghi
recording,noun,a2,ghi âm
recount,verb,c1,kể lại
recover,verb,b2,phục hồi
recovery,noun,b2,sự phục hồi
recruit,noun,b2,lính mới
recruit,verb,b2,mộ
recruitment,noun,b2,tuyển dụng
recycle,verb,a2,tái chế
red,adjective,a1,đỏ
red,noun,a1,màu đỏ
reduce,verb,a2,giảm bớt
reduction,noun,b2,sự giảm bớt
refer,verb,a2,tham khảo
referee,noun,b2,trọng tài
reference,noun,b1,tài liệu tham khảo
referendum,noun,c1,cuộc trưng cầu dân
reflect,verb,b1,phản ánh
reflection,noun,c1,sự phản ánh
reform,noun,c1,sự cải cách
reform,verb,c1,cải cách
refuge,noun,c1,nơi trú ẩn
refugee,noun,b2,người tị nạn
refusal,noun,c1,từ chối
refuse,verb,a2,từ chối
regain,verb,c1,lấy lại
regard,noun,b2,cái nhìn
regard,verb,b2,nhìn + phó từ
regardless,adverb,c1,bất kể
regime,noun,c1,chế độ
region,noun,a2,khu vực
regional,adjective,b2,khu vực
register,noun,b2,sổ
register,verb,b2,ghi vào sổ
registration,noun,b2,đăng ký
regret,noun,b2,lòng thương tiếc
regret,verb,b2,thương tiếc
regular,adjective,a2,thường xuyên
regularly,adverb,b1,thường xuyên
regulate,verb,b2,điều chỉnh
regulation,noun,b2,quy định
regulator,noun,c1,bộ điều chỉnh
regulatory,adjective,c1,quy định
rehabilitation,noun,c1,sự phục hồi
reign,noun,c1,triều đại
reign,verb,c1,trị vì
reinforce,verb,b2,củng cố
reject,verb,b1,từ chối
rejection,noun,c1,sự từ chối
relate,verb,b1,liên quan
related,adjective,b1,liên quan
relation,noun,b1,mối quan hệ
relationship,noun,a2,mối quan hệ
relative,adjective,b1,có liên quan
relative,noun,b1,bà con thân thuộc
relatively,adverb,b2,tương đối
relax,verb,a1,thư giãn
relaxed,adjective,b1,thoải mái
relaxing,adjective,b1,thư giãn
release,noun,b1,sự giải thoát
release,verb,b1,làm nhẹ
relevance,noun,c1,sự liên quan
relevant,adjective,b2,có liên quan
reliability,noun,c1,độ tin cậy
reliable,adjective,b1,đáng tin cậy
relief,noun,b2,sự cứu trợ
relieve,verb,b2,giảm bớt
relieved,adjective,b2,nhẹ nhõm
religion,noun,b1,tôn giáo
religious,adjective,b1,tôn giáo
reluctant,adjective,c1,miễn cưỡng
rely,verb,b2,dựa vào
remain,verb,b1,ở lại
remainder,noun,c1,phần còn lại
remains,noun,c1,còn lại
remark,noun,b2,sự lưu ý
remark,verb,b2,thấy
remarkable,adjective,b2,đáng chú ý
remarkably,adverb,b2,đáng chú ý
remedy,noun,c1,phương thuốc
remember,verb,a1,nhớ
remind,verb,b1,nhắc nhở
reminder,noun,c1,lời nhắc nhở
remote,adjective,b1,từ xa
removal,noun,c1,sự loại bỏ
remove,verb,a2,loại bỏ
render,verb,c1,làm lại
renew,verb,c1,đổi mới
renowned,adjective,c1,nổi tiếng
rent,noun,b1,tô
rent,verb,b1,thuê
rental,noun,c1,tiền thuê
repair,noun,b1,sự sửa chữa
repair,verb,a2,sửa chữa
repeat,noun,b1,sự nhắc lại
repeat,verb,a1,nhắc lại
repeated,adjective,b1,lặp đi lặp lại
replace,verb,a2,thay thế
replacement,noun,c1,sự thay thế
reply,noun,a2,câu trả lời
reply,verb,a2,trả lời
report,noun,a1,bản báo cáo
report,verb,a2,kể lại
reportedly,adverb,c1,được cho là
reporter,noun,a2,phóng viên
reporting,noun,b2,báo cáo
represent,verb,b1,đại diện
representation,noun,c1,sự đại diện
representative,adjective,b2,miêu tả
representative,noun,b2,cái tiêu biểu
reproduce,verb,c1,tái tạo
reproduction,noun,c1,sự tái tạo
republic,noun,c1,nước cộng hòa
reputation,noun,b2,danh tiếng
request,noun,a2,lời thỉnh cầu
request,verb,b1,thỉnh cầu
require,verb,b1,yêu cầu
requirement,noun,b2,yêu cầu
rescue,noun,b2,sự giải thoát
rescue,verb,b2,cứu
research,noun,a2,sự nghiên cứu
research,verb,a2,nghiên cứu
researcher,noun,a2,nhà nghiên cứu
resemble,verb,c1,giống
reservation,noun,b1,đặt chỗ
reserve,noun,b2,sự dự trữ
reserve,verb,b2,để dành
reside,verb,c1,cư trú
residence,noun,c1,nơi ở
resident,adjective,b2,cư trú
resident,noun,b2,người trú ngụ
residential,adjective,c1,khu dân cư
residue,noun,c1,dư lượng
resign,verb,b2,từ chức
resignation,noun,c1,từ chức
resist,verb,b2,chống lại
resistance,noun,c1,sự kháng cự
resolution,noun,b2,độ phân giải
resolve,verb,b2,giải quyết
resort,noun,b2,khu nghỉ dưỡng
resource,noun,b1,tài nguyên
respect,noun,b1,sự tôn trọng
respect,verb,b1,tôn trọng
respective,adjective,c1,tương ứng
respectively,adverb,c1,tương ứng
respond,verb,a2,đáp lại
response,noun,a2,phản hồi
responsibility,noun,b1,trách nhiệm
responsible,adjective,b1,chịu trách nhiệm
rest,noun,a2,sự nghỉ ngơi
rest,verb,a2,nghỉ
restaurant,noun,a1,nhà hàng
restoration,noun,c1,sự phục hồi
restore,verb,b2,khôi phục
restraint,noun,c1,kiềm chế
restrict,verb,b2,hạn chế
restriction,noun,b2,hạn chế
result,noun,a1,kết quả
result,verb,b1,do bởi
resume,verb,c1,sơ yếu lý lịch
retail,noun,b2,bán lẻ
retain,verb,b2,giữ lại
retire,verb,b1,nghỉ hưu
retired,adjective,b1,đã nghỉ hưu
retirement,noun,b2,nghỉ hưu
retreat,noun,c1,sự rút lui
retreat,verb,c1,lùi
retrieve,verb,c1,lấy lại
return,noun,a1,sự trở lại
return,verb,a1,trở lại
reveal,verb,b2,tiết lộ
revelation,noun,c1,sự mặc khải
revenge,noun,c1,trả thù
revenue,noun,b2,doanh thu
reverse,adjective,c1,đảo
reverse,noun,c1,điều trái ngược
reverse,verb,c1,đảo ngược
review,noun,a2,sự xem lại
review,verb,a2,xét lại
revise,verb,b1,sửa lại
revision,noun,b2,sửa đổi
revival,noun,c1,sự hồi sinh
revive,verb,c1,hồi sinh
revolution,noun,b2,cuộc cách mạng
revolutionary,adjective,c1,mang tính cách mạng
reward,noun,b2,sự thưởng
reward,verb,b2,thưởng
rhetoric,noun,c1,hùng biện
rhythm,noun,b2,nhịp điệu
rice,noun,a1,cơm
rich,adjective,a1,giàu có
rid,verb,b2,loại bỏ
ride,noun,a2,sự đi chơi
ride,verb,a1,đi ngựa
ridiculous,adjective,b2,buồn cười
rifle,noun,c1,súng trường
right,adjective,a1,thẳng
right,adverb,a1,thẳng
right,noun,a1,điều tốt
ring,noun,a2,cái nhẫn
ring,verb,a2,đeo nhẫn cho
riot,noun,c1,bạo loạn
rip,verb,c1,xé toạc
rise,noun,b1,sự lên
rise,verb,a2,dậy
risk,noun,b1,sự liều
risk,verb,b1,liều
risky,adjective,b2,rủi ro
ritual,noun,c1,nghi lễ
rival,adjective,b2,đối địch
rival,noun,b2,đối thủ
river,noun,a1,sông
road,noun,a1,đường
rob,verb,b2,cướp
robbery,noun,b2,vụ cướp
robot,noun,b1,người máy
robust,adjective,c1,mạnh mẽ
rock,noun,a2,đá
rock,verb,c1,đu đưa
rocket,noun,b2,tên lửa
rod,noun,c1,thanh
role,noun,a2,vai trò
roll,noun,b1,cuốn
roll,verb,b1,lăn
romance,noun,b2,sự lãng mạn
romantic,adjective,b1,lãng mạn
roof,noun,a2,mái nhà
room,noun,a1,phòng
root,noun,b2,gốc
rope,noun,b1,dây thừng
rose,noun,b2,hoa hồng
rotate,verb,c1,xoay
rotation,noun,c1,sự quay vòng
rough,adjective,b1,thô
roughly,adverb,b2,đại khái
round,adjective,a2,tròn
round,adverb,a2,quanh
round,noun,b2,vật hình tròn
round,preposition,a2,tròn
route,noun,a2,tuyến đường
routine,adjective,b2,thói quen
routine,noun,a1,lề thói hằng ngày
row,noun,b1,hàng
royal,adjective,b1,hoàng gia
rub,verb,b2,chà
rubber,adjective,b2,cao su
rubber,noun,b2,cao su india-rubber
rubbish,noun,a2,rác rưởi
rude,adjective,a2,thô lỗ
rugby,noun,b1,bóng bầu dục
ruin,noun,b2,sự đổ nát
ruin,verb,b2,làm hỏng
rule,noun,a1,phép tắc
rule,verb,b1,cai trị
ruling,noun,c1,cai trị
rumour,noun,c1,tin đồn
run,noun,a2,sự chạy
run,verb,a1,chạy
runner,noun,a2,người chạy
running,noun,a2,đang chạy
rural,adjective,b2,nông thôn
rush,noun,b2,cây bấc
rush,verb,b2,xông lên
sack,verb,c1,bao
sacred,adjective,c1,thiêng liêng
sacrifice,noun,c1,sự giết để cúng
sacrifice,verb,c1,cúng
sad,adjective,a1,buồn
sadly,adverb,a2,đáng buồn
safe,adjective,a2,an toàn
safety,noun,b1,sự an toàn
sail,noun,b1,buồm
sail,verb,a2,chạy bằng buồm
sailing,noun,a2,chèo thuyền
sailor,noun,b1,thủy thủ
saint,noun,c1,thánh
sake,noun,c1,lợi ích
salad,noun,a1,xà lách
salary,noun,a2,tiền lương
sale,noun,a2,bán
salt,noun,a1,muối
same,adjective,a1,cùng một
same,adverb,a1,cùng
same,pronoun,a1,cùng một điều ấy
sample,noun,b1,mẫu
sample,verb,b2,lấy mẫu
sanction,noun,c1,sự trừng phạt
sand,noun,b1,cát
sandwich,noun,a1,bánh mì kẹp
satellite,noun,b2,vệ tinh
satisfaction,noun,b2,sự hài lòng
satisfied,adjective,b2,hài lòng
satisfy,verb,b2,thỏa mãn
Saturday,noun,a1,thứ bảy
sauce,noun,a2,nước sốt
save,verb,a2,lưu
saving,noun,b2,tiết kiệm
say,noun,c1,vải chéo
say,verb,a1,tuyên bố
scale,noun,b2,quy mô
scan,verb,b1,quét
scandal,noun,b2,vụ bê bối
scare,noun,b2,sự sợ hãi
scare,verb,b2,làm kinh hãi
scared,adjective,a2,sợ hãi
scary,adjective,a2,đáng sợ
scattered,adjective,c1,rải rác
scenario,noun,b2,kịch bản
scene,noun,a2,cảnh
sceptical,adjective,c1,hoài nghi
schedule,noun,a2,bản danh mục
schedule,verb,b2,kèm danh mục
scheme,noun,b2,kế hoạch
scholar,noun,b2,học giả
scholarship,noun,b2,học bổng
school,noun,a1,trường học
science,noun,a1,khoa học
scientific,adjective,b1,khoa học
scientist,noun,a1,nhà khoa học
scope,noun,c1,phạm vi
score,noun,a2,sổ điểm
score,verb,a2,ghi điểm thắng
scratch,noun,b2,tiếng sột soạt
scratch,verb,b2,cào
scream,noun,b2,tiếng thét
scream,verb,b2,kêu thét lên
screen,noun,a2,bình phong
screen,verb,b2,che chở
screening,noun,b2,sàng lọc
screw,noun,c1,đinh vít
screw,verb,c1,bắt vít
script,noun,b1,kịch bản
scrutiny,noun,c1,sự xem xét kỹ
sculpture,noun,b1,tác phẩm điêu khắc
sea,noun,a1,biển
seal,noun,c1,hải cẩu
seal,verb,c1,săn chó biển
search,noun,a2,sự nhìn để tìm
search,verb,a2,nhìn để tìm
season,noun,a2,mùa
seat,noun,a2,ghế
seat,verb,b2,để ngồi
second,adverb,a2,thứ hai
second,determiner,a1,thứ hai
second,noun,a1,người về nhì
second,ordinal number,a1,thứ hai
secondary,adjective,b1,thứ cấp
secondly,adverb,a2,thứ hai
secret,adjective,a2,kín đáo
secret,noun,a2,điều bí mật
secretary,noun,a2,thư ký
section,noun,a1,phần
sector,noun,b2,ngành
secular,adjective,c1,thế tục
secure,adjective,b2,chắc chắn
secure,verb,b2,làm kiên cố
security,noun,b1,an ninh
see,verb,a1,nhìn thấy
seed,noun,b1,hạt giống
seek,verb,b2,tìm kiếm
seeker,noun,b2,người tìm kiếm
seem,linking verb,a2,dường như
seemingly,adverb,c1,dường như
segment,noun,c1,đoạn
seize,verb,c1,nắm bắt
seldom,adverb,c1,hiếm khi
select,verb,b2,chọn
selection,noun,b2,sự lựa chọn
selective,adjective,c1,chọn lọc
self,noun,b2,bản thân
sell,verb,a1,bán
seminar,noun,b2,hội thảo
senator,noun,c1,thượng nghị sĩ
send,verb,a1,gửi
senior,adjective,b2,cao cấp
sensation,noun,c1,cảm giác
sense,noun,a2,giác quan
sense,verb,b2,thấy
sensible,adjective,b1,hợp lý
sensitive,adjective,b2,nhạy cảm
sensitivity,noun,c1,sự nhạy cảm
sentence,noun,a1,câu
sentence,verb,b2,kết án
sentiment,noun,c1,tình cảm
separate,adjective,a2,riêng rẽ
separate,verb,b1,làm rời ra
separation,noun,c1,sự chia ly
September,noun,a1,tháng chín
sequence,noun,b2,trình tự
serial,adjective,c1,nối tiếp
series,noun,a2,loạt
serious,adjective,a2,nghiêm trọng
seriously,adverb,b1,nghiêm túc
servant,noun,b1,người hầu
serve,verb,a2,phục vụ
service,noun,a2,dịch vụ
session,noun,b2,phiên
set,noun,b1,bộ
set,verb,b1,để
set-up,noun,c1,sự thiết lập
setting,noun,b1,thiết lập
settle,verb,b2,giải quyết
settlement,noun,c1,sự giải quyết
settler,noun,b2,người định cư
seven,number,a1,bảy
seventeen,number,a1,mười bảy
seventy,number,a1,bảy mươi
several,determiner,a2,một số
several,pronoun,a2,một số
severe,adjective,b2,nghiêm trọng
severely,adverb,b2,nghiêm trọng
sex,noun,b1,tình dục
sexual,adjective,b1,tình dục
sexuality,noun,c1,tình dục
sexy,adjective,b2,gợi cảm
shade,noun,b2,bóng râm
shadow,noun,b2,cái bóng
shake,noun,b1,sự rung
shake,verb,a2,rung
shall,modal verb,a2,sẽ
shallow,adjective,b2,nông
shame,noun,b2,xấu hổ
shape,noun,a2,hình
shape,verb,b2,nặn
shaped,adjective,b2,có hình dạng
share,noun,b1,lưỡi cày
share,verb,a1,chia
shareholder,noun,c1,cổ đông
sharp,adjective,b1,sắc nét
shatter,verb,c1,đập vỡ
she,pronoun,a1,cô ấy
shed,verb,c1,đổ
sheep,noun,a1,con cừu
sheer,adjective,c1,tuyệt đối
sheet,noun,a2,tờ
shelf,noun,b1,kệ
shell,noun,b1,vỏ
shelter,noun,b2,chỗ che
shelter,verb,b2,che
shift,noun,b1,sự thay đổi vị
shift,verb,b2,đổi chỗ
shine,verb,b1,tỏa sáng
shiny,adjective,b1,sáng bóng
ship,noun,a2,tàu thuỷ
ship,verb,b2,xếp xuống tàu
shipping,noun,c1,vận chuyển
shirt,noun,a1,áo sơ mi
shock,noun,b2,sự đụng chạm
shock,verb,b2,làm chướng tai gai
shocked,adjective,b2,bị sốc
shocking,adjective,b2,gây sốc
shoe,noun,a1,giày
shoot,noun,c1,cành non
shoot,verb,b1,vụt qua
shooting,noun,b2,bắn súng
shop,noun,a1,cửa hàng
shop,verb,a1,đi mua hàng
shopping,noun,a1,mua sắm
shore,noun,b2,bờ biển
short,adjective,a1,ngắn
short-term,adjective,b2,ngắn hạn
shortage,noun,b2,sự thiếu hụt
shortly,adverb,b2,trong thời gian ngắn
shot,noun,b2,bắn
should,modal verb,a1,nên
shoulder,noun,a2,vai
shout,noun,a2,tiếng kêu
shout,verb,a2,la hét
show,noun,a1,sự bày tỏ
show,verb,a1,cho xem
shower,noun,a1,tắm
shrink,verb,c1,co lại
shrug,verb,c1,nhún vai
shut,adjective,a2,đóng lại
shut,verb,a2,đóng
shy,adjective,b1,nhút nhát
sibling,noun,b2,anh chị em
sick,adjective,a1,bị bệnh
side,noun,a2,bên
sigh,noun,c1,tiếng thở dài
sigh,verb,c1,thở dài
sight,noun,b1,tầm nhìn
sign,noun,a2,dấu
sign,verb,a2,đánh dấu
signal,noun,b1,dấu hiệu
signal,verb,b1,ra hiệu
signature,noun,b2,chữ ký
significance,noun,b2,ý nghĩa
significant,adjective,b2,đáng kể
significantly,adverb,b2,đáng kể
silence,noun,b2,sự im lặng
silent,adjective,b1,im lặng
silk,noun,b2,lụa
silly,adjective,b1,ngớ ngẩn
silver,adjective,a2,bằng bạc
silver,noun,a2,bạc
similar,adjective,a1,tương tự
similarity,noun,b1,sự giống nhau
similarly,adverb,b1,tương tự
simple,adjective,a2,đơn giản
simply,adverb,b1,đơn giản
simulate,verb,c1,mô phỏng
simulation,noun,c1,mô phỏng
simultaneously,adverb,c1,đồng thời
sin,noun,c1,tội lỗi
since,adverb,b1,từ lâu
since,conjunction,a2,từ khi
since,preposition,a2,từ
sincere,adjective,b2,chân thành
sing,verb,a1,hát
singer,noun,a1,ca sĩ
singing,noun,a2,ca hát
single,adjective,a2,đơn
single,noun,a2,đơn
sink,verb,b1,chìm
sir,noun,a2,thưa ngài
sister,noun,a1,chị
sit,verb,a1,ngồi
site,noun,a2,trang web
situated,adjective,c1,nằm
situation,noun,a1,tình huống
six,number,a1,sáu
sixteen,number,a1,mười sáu
sixty,number,a1,sáu mươi
size,noun,a2,kích thước
sketch,noun,c1,bản phác thảo
ski,adjective,a2,trượt tuyết
ski,noun,a2,xki
ski,verb,a2,trượt tuyết
skiing,noun,a2,trượt tuyết
skill,noun,a1,kỹ năng
skilled,adjective,b2,có tay nghề cao
skin,noun,a2,da
skip,verb,c1,bỏ qua
skirt,noun,a1,váy
skull,noun,b2,hộp sọ
sky,noun,a2,bầu trời
slam,verb,c1,đập mạnh
slap,verb,c1,tát
slash,verb,c1,gạch chéo
slave,noun,b2,nô lệ
slavery,noun,c1,chế độ nô lệ
sleep,noun,a2,giấc ngủ
sleep,verb,a1,ngủ
slice,noun,b1,miếng mỏng
slice,verb,b1,cắt ra từng miếng
slide,noun,b2,sự trượt
slide,verb,b2,trượt
slight,adjective,b2,nhẹ
slightly,adverb,b1,hơi
slip,verb,b2,trượt
slogan,noun,b2,khẩu hiệu
slope,noun,b2,dốc
slope,verb,b2,nghiêng
slot,noun,c1,khe cắm
slow,adjective,a1,chậm
slow,verb,b1,làm chậm lại
slowly,adverb,a2,chậm rãi
small,adjective,a1,nhỏ
smart,adjective,b1,thông minh
smartphone,noun,a2,điện thoại thông minh
smash,verb,c1,đập vỡ
smell,noun,a2,mùi
smell,verb,a2,ngửi
smile,noun,a2,nụ cười
smile,verb,a2,mỉm cười
smoke,noun,a2,khói
smoke,verb,a2,bốc khói
smoking,noun,a2,hút thuốc
smooth,adjective,b1,mịn màng
snake,noun,a1,con rắn
snap,verb,c1,chụp nhanh
snow,noun,a1,tuyết
snow,verb,a1,tuyết rơi
so,adverb,a1,như thế
so,conjunction,a1,vì thế
so-called,adjective,b2,cái gọi là
soak,verb,c1,ngâm
soap,noun,a2,xà phòng
soar,verb,c1,bay lên
soccer,noun,a2,bóng đá
social,adjective,a2,xã hội
socialist,adjective,c1,xã hội chủ nghĩa
society,noun,a2,xã hội
sock,noun,a2,tất
soft,adjective,a2,mềm
software,noun,b1,phần mềm
soil,noun,b1,đất
solar,adjective,b2,năng lượng mặt trời
soldier,noun,a2,người lính
sole,adjective,c1,duy nhất
solely,adverb,c1,duy nhất
solicitor,noun,c1,luật sư
solid,adjective,b1,rắn
solid,noun,b1,thể rắn
solidarity,noun,c1,sự đoàn kết
solo,adjective,c1,solo
solo,noun,c1,bản nhạc diễn đơn
solution,noun,a2,giải pháp
solve,verb,a2,giải quyết
some,determiner,a1,một số
some,pronoun,a1,một số
somebody,pronoun,a1,ai đó
somehow,adverb,b2,bằng cách nào đó
someone,pronoun,a1,ai đó
something,pronoun,a1,cái gì đó
sometime,adverb,b2,đôi khi
sometimes,adverb,a1,đôi khi
somewhat,adverb,b2,hơi
somewhere,adverb,a2,ở một nơi nào
somewhere,pronoun,a2,ở đâu đó
son,noun,a1,con trai
song,noun,a1,bài hát
soon,adverb,a1,sớm
sophisticated,adjective,b2,phức tạp
sorry,adjective,a1,lấy làm buồn
sorry,exclamation,a1,xin lỗi
sort,noun,a2,thứ
sort,verb,b1,lựa chọn
soul,noun,b2,linh hồn
sound,adjective,c1,khoẻ mạnh
sound,noun,a1,âm
sound,verb,a1,kêu
soup,noun,a1,súp
source,noun,a2,nguồn
south,adjective,a1,nam
south,adverb,a1,về hướng nam
south,noun,a1,hướng nam
southern,adjective,b1,miền nam
sovereignty,noun,c1,chủ quyền
space,noun,a1,không gian
spam,noun,c1,thư rác
span,noun,c1,gang tay
span,verb,c1,băng qua
spare,adjective,b2,thừa
spare,verb,c1,để dành
spark,verb,c1,tia lửa
speak,verb,a1,nói
speaker,noun,a2,người nói
special,adjective,a1,đặc biệt
specialist,adjective,b2,chuyên gia
specialist,noun,b2,chuyên gia
specialize,verb,b2,chuyên môn
specialized,adjective,c1,chuyên ngành
species,noun,b2,loài
specific,adjective,a2,cụ thể
specifically,adverb,b1,cụ thể
specification,noun,c1,đặc điểm kỹ thuật
specify,verb,b2,xác định
specimen,noun,c1,mẫu vật
spectacle,noun,c1,cảnh tượng
spectacular,adjective,b2,ngoạn mục
spectator,noun,b2,khán giả
spectrum,noun,c1,quang phổ
speculate,verb,b2,suy đoán
speculation,noun,b2,suy đoán
speech,noun,a2,lời nói
speed,noun,a2,sự mau lẹ
speed,verb,b2,làm cho đi mau
spell,noun,c1,lời thần chú
spell,verb,a1,viết vần
spelling,noun,a1,chính tả
spend,verb,a1,chi tiêu
spending,noun,b1,chi tiêu
sphere,noun,c1,quả cầu
spice,noun,b2,gia vị
spicy,adjective,b1,cay
spider,noun,a2,nhện
spill,verb,b2,tràn
spin,noun,c1,sự quay tròn
spin,verb,c1,quay
spine,noun,c1,cột sống
spirit,noun,b1,tinh thần
spiritual,adjective,b2,tâm linh
spite,noun,b2,bất chấp
split,noun,b2,chia tách
split,verb,b2,ghẻ
spoil,verb,b2,làm hỏng
spoken,adjective,b1,nói
spokesman,noun,b2,người phát ngôn
spokesperson,noun,b2,người phát ngôn
spokeswoman,noun,b2,người phát ngôn
sponsor,noun,b2,cha đỡ đầu
sponsor,verb,b2,nhà tài trợ
sponsorship,noun,b2,tài trợ
spoon,noun,a2,cái thìa
sport,noun,a1,thể thao
sporting,adjective,b2,thể thao
spot,noun,b1,dấu
spot,verb,b2,làm đốm
spotlight,noun,c1,ánh đèn sân khấu
spouse,noun,c1,vợ
spread,noun,b2,sự trải ra
spread,verb,b1,trải
spring,noun,a1,sự nhảy
spring,verb,b2,+ up
spy,noun,c1,gián điệp
spy,verb,c1,làm gián điệp
squad,noun,c1,đội
square,adjective,a2,vuông
square,noun,a2,hình vuông
squeeze,verb,c1,bóp
stab,verb,c1,đâm
stability,noun,c1,sự ổn định
stabilize,verb,c1,ổn định
stable,adjective,b2,ổn định
stadium,noun,b1,sân vận động
staff,noun,b1,nhân viên
stage,noun,a2,bệ
stage,verb,b2,đưa lên sân khấu
stair,noun,a2,cầu thang
stake,noun,c1,cổ phần
stall,noun,b2,gian hàng
stamp,noun,a2,con tem
stance,noun,b2,lập trường
stand,noun,b2,sự dừng lại
stand,verb,a1,đứng
standard,adjective,b1,tiêu chuẩn
standard,noun,b1,tiêu chuẩn
standing,adjective,c1,đứng
star,noun,a1,sao
star,verb,a2,dán sao
stare,verb,b2,nhìn chằm chằm
stark,adjective,c1,khắc nghiệt
start,noun,a2,lúc bắt đầu
start,verb,a1,bắt đầu
starve,verb,b2,chết đói
state,adjective,b1,nhà nước
state,noun,a2,trạng thái
state,verb,b1,phát biểu
statement,noun,a1,tuyên bố
station,noun,a1,trạm
statistic,noun,b1,thống kê
statistical,adjective,c1,thống kê
statue,noun,b1,bức tượng
status,noun,b2,trạng thái
stay,noun,a2,dây néo
stay,verb,a1,néo bằng dây
steadily,adverb,b2,đều đặn
steady,adjective,b2,ổn định
steal,verb,a2,ăn trộm
steam,noun,b2,hơi nước
steel,noun,b2,thép
steep,adjective,b2,dốc
steer,verb,c1,chỉ đạo
stem,noun,c1,thân
stem,verb,c1,tước cọng
step,noun,a2,bước
step,verb,b2,bước
stereotype,noun,c1,khuôn mẫu
stick,noun,b1,cái gậy
stick,verb,b1,đâm
sticky,adjective,b2,dính
stiff,adjective,b2,cứng
still,adjective,b1,im
still,adverb,a1,vẫn thường
stimulate,verb,b2,kích thích
stimulus,noun,c1,sự kích thích
stir,verb,c1,khuấy động
stock,noun,b2,cổ phiếu
stomach,noun,a2,dạ dày
stone,noun,a2,đá
stop,noun,a1,sự ngừng lại
stop,verb,a1,ngừng
storage,noun,c1,lưu trữ
store,noun,a2,sự có nhiều
store,verb,b1,tích trữ
storm,noun,a2,cơn bão
story,noun,a1,câu chuyện
straight,adjective,a2,thẳng
straight,adverb,a2,thẳng
straightforward,adjective,c1,thẳng thắn
strain,noun,c1,căng thẳng
strand,noun,c1,sợi
strange,adjective,a2,lạ
stranger,noun,b1,người lạ
strategic,adjective,c1,chiến lược
strategy,noun,a2,chiến lược
stream,noun,b2,dòng suối
street,noun,a1,đường phố
strength,noun,b1,sức mạnh
strengthen,verb,b2,tăng cường
stress,noun,a2,sự căng thẳng
stress,verb,a2,nhấn mạnh
stretch,noun,b2,sự căng ra
stretch,verb,b2,kéo ra
strict,adjective,b2,nghiêm ngặt
strictly,adverb,b2,nghiêm ngặt
strike,noun,b2,cuộc đình công
strike,verb,b2,đánh
striking,adjective,c1,nổi bật
string,noun,b1,dây
strip,noun,c1,mảnh
strip,verb,c1,tước đoạt
strive,verb,c1,phấn đấu
stroke,noun,b2,đột quỵ
strong,adjective,a1,mạnh mẽ
strongly,adverb,b1,mạnh mẽ
structural,adjective,c1,cấu trúc
structure,noun,a2,kết cấu
structure,verb,b2,cấu trúc hóa
struggle,noun,b2,sự đấu tranh
struggle,verb,b2,đấu tranh
student,noun,a1,sinh viên
studio,noun,b1,studio
study,noun,a1,sự học tập
study,verb,a1,học
stuff,noun,b1,chất
stuff,verb,b2,bịt
stumble,verb,c1,vấp ngã
stun,verb,c1,choáng váng
stunning,adjective,b2,tuyệt đẹp
stupid,adjective,a2,ngu ngốc
style,noun,a1,phong cách
subject,adjective,b2,lệ thuộc
subject,noun,a1,chủ đề
submission,noun,c1,nộp
submit,verb,b2,nộp
subscriber,noun,c1,người đăng ký
subscription,noun,c1,đăng ký
subsequent,adjective,b2,tiếp theo
subsequently,adverb,b2,sau đó
subsidy,noun,c1,trợ cấp
substance,noun,b1,chất
substantial,adjective,c1,đáng kể
substantially,adverb,c1,về cơ bản
substitute,noun,c1,người thay thế
substitute,verb,c1,thế
substitution,noun,c1,sự thay thế
subtle,adjective,c1,tinh tế
suburb,noun,b2,vùng ngoại ô
suburban,adjective,c1,ngoại ô
succeed,verb,a2,thành công
success,noun,a1,thành công
successful,adjective,a2,thành công
successfully,adverb,b1,thành công
succession,noun,c1,sự kế thừa
successive,adjective,c1,liên tiếp
successor,noun,c1,người kế vị
such,determiner,a2,như vậy
such,pronoun,a2,như vậy
suck,verb,c1,hút
sudden,adjective,b1,đột ngột
suddenly,adverb,a2,đột nhiên
sue,verb,c1,kiện
suffer,verb,b1,chịu đựng
suffering,noun,b2,đau khổ
sufficient,adjective,b2,đủ
sufficiently,adverb,b2,đủ
sugar,noun,a1,đường
suggest,verb,a2,đề nghị
suggestion,noun,a2,gợi ý
suicide,noun,c1,tự sát
suit,noun,a2,bộ com lê
suit,verb,b1,làm cho phù hợp
suitable,adjective,b1,thích hợp
suite,noun,c1,bộ
sum,noun,b2,tổng số
sum,verb,b2,cộng
summarize,verb,b1,tóm tắt
summary,noun,b1,tóm tắt
summer,noun,a1,mùa hè
summit,noun,c1,đỉnh cao
sun,noun,a1,mặt trời
Sunday,noun,a1,chủ nhật
super,adjective,b2,siêu
superb,adjective,c1,tuyệt vời
superior,adjective,c1,vượt trội
supermarket,noun,a1,siêu thị
supervise,verb,c1,giám sát
supervision,noun,c1,sự giám sát
supervisor,noun,c1,người giám sát
supplement,noun,c1,phần bổ sung
supplement,verb,c1,bổ sung
supply,noun,b1,sự cung cấp
supply,verb,b1,cung cấp
support,noun,a2,sự ủng hộ
support,verb,a2,chống
supporter,noun,b1,người ủng hộ
supportive,adjective,c1,hỗ trợ
suppose,verb,a2,giả sử
supposedly,adverb,c1,được cho là
suppress,verb,c1,đàn áp
supreme,adjective,c1,tối cao
sure,adjective,a1,chắc
sure,adverb,a2,chắc chắn
surely,adverb,b1,chắc chắn
surface,noun,b1,bề mặt
surge,noun,c1,sóng
surge,verb,c1,dấy lên
surgeon,noun,b2,bác sĩ phẫu thuật
surgery,noun,b2,phẫu thuật
surgical,adjective,c1,phẫu thuật
surplus,noun,c1,thặng dư
surprise,noun,a2,sự ngạc nhiên
surprise,verb,a2,làm ngạc nhiên
surprised,adjective,a2,ngạc nhiên
surprising,adjective,a2,đáng ngạc nhiên
surrender,verb,c1,đầu hàng
surround,verb,b2,bao quanh
surrounding,adjective,b2,xung quanh
surveillance,noun,c1,giám sát
survey,noun,a2,sự nhìn chung
survey,verb,b2,quan sát
survival,noun,b2,sự sống sót
survive,verb,b1,sống sót
survivor,noun,b2,người sống sót
suspect,noun,b2,người khả nghi
suspect,verb,b2,nghi
suspend,verb,b2,đình chỉ
suspension,noun,c1,đình chỉ
suspicion,noun,c1,sự nghi ngờ
suspicious,adjective,c1,nghi ngờ
sustain,verb,c1,duy trì
sustainable,adjective,b2,bền vững
swallow,verb,b2,nuốt
swear,verb,b2,thề
sweater,noun,a1,áo len
sweep,verb,b2,quét
sweet,adjective,a2,ngọt
sweet,noun,a2,sự ngọt bùi
swim,noun,b1,sự bơi lội
swim,verb,a1,bơi
swimming,noun,a1,bơi lội
swing,noun,c1,sự đu đưa
swing,verb,c1,đu đưa
switch,noun,b2,cành cây mềm
switch,verb,b1,đánh bằng gậy
sword,noun,c1,thanh kiếm
symbol,noun,a2,biểu tượng
symbolic,adjective,c1,tượng trưng
sympathetic,adjective,b2,thông cảm
sympathy,noun,b2,sự đồng cảm
symptom,noun,b1,triệu chứng
syndrome,noun,c1,hội chứng
synthesis,noun,c1,tổng hợp
system,noun,a2,hệ thống
systematic,adjective,c1,có hệ thống
T-shirt,noun,a1,áo phông
table,noun,a1,cái bàn
tablet,noun,a2,máy tính bảng
tackle,noun,c1,đồ dùng
tackle,verb,b2,cột bằng dây dợ
tactic,noun,c1,chiến thuật
tactical,adjective,c1,chiến thuật
tag,noun,b2,một nhãn nhỏ
tag,verb,b2,dán nhãn vào vật
tail,noun,b1,đuôi
take,verb,a1,lấy
tale,noun,b2,câu chuyện
talent,noun,b1,tài năng
talented,adjective,b1,tài năng
talk,noun,a2,lời nói
talk,verb,a1,nói
tall,adjective,a1,cao
tank,noun,b2,bể chứa
tap,noun,b2,vòi
tap,verb,b2,khoan lỗ
tape,noun,b1,băng
target,noun,a2,bia
target,verb,b2,nhắm
task,noun,a2,nhiệm vụ
taste,noun,a2,vị
taste,verb,a2,nếm
tax,noun,b1,thuế
tax,verb,b1,đánh thuế
taxi,noun,a1,taxi
taxpayer,noun,c1,người nộp thuế
tea,noun,a1,trà
teach,verb,a1,dạy
teacher,noun,a1,giáo viên
teaching,noun,a2,giảng dạy
team,noun,a1,đội
tear,noun,b2,nước mắt
tear,verb,b2,xé
technical,adjective,b1,kỹ thuật
technique,noun,b1,kỹ thuật
technological,adjective,b2,công nghệ
technology,noun,a2,công nghệ
teenage,adjective,a2,tuổi teen
teenager,noun,a1,thiếu niên
teens,noun,b2,thanh thiếu niên
telephone,noun,a1,dây nói
telephone,verb,a1,gọi điện
television,noun,a1,truyền hình
tell,verb,a1,kể
temperature,noun,a2,nhiệt độ
temple,noun,b2,ngôi đền
temporarily,adverb,b2,tạm thời
temporary,adjective,b2,tạm thời
tempt,verb,c1,cám dỗ
ten,number,a1,mười
tenant,noun,c1,người thuê nhà
tend,verb,b1,có xu hướng
tendency,noun,b2,xu hướng
tender,adjective,c1,dịu dàng
tennis,noun,a1,quần vợt
tension,noun,b2,sự căng thẳng
tent,noun,b1,lều
tenure,noun,c1,nhiệm kỳ
term,noun,a2,hạn
term,verb,b2,gọi
terminal,adjective,c1,nguy hiểm chết người
terminal,noun,b2,một tòa nhà ở
terminate,verb,c1,chấm dứt
terms,noun,b2,thuật ngữ
terrain,noun,c1,địa hình
terrible,adjective,a1,khủng khiếp
terribly,adverb,b2,khủng khiếp
terrific,adjective,c1,tuyệt vời
terrify,verb,b2,làm kinh hoàng
territory,noun,b2,lãnh thổ
terror,noun,b2,khủng bố
terrorism,noun,b2,khủng bố
terrorist,noun,b2,kẻ khủng bố
test,noun,a1,vỏ
test,verb,a1,thử thách
testify,verb,c1,làm chứng
testimony,noun,c1,lời chứng
testing,noun,b2,thử nghiệm
text,noun,a1,một văn bản chứa
text,verb,a2,gửi các văn bản
textbook,noun,b2,sách giáo khoa
texture,noun,c1,kết cấu
than,conjunction,a1,xuất hiện trong so
than,preposition,a1,hơn
thank,verb,a1,cảm ơn
thankfully,adverb,c1,may mắn thay
thanks,exclamation,a1,cảm ơn
thanks,noun,a1,lời cảm ơn
that,adverb,b1,như thế
that,conjunction,a1,rằng
that,determiner,a1,đó
that,pronoun,a1,người ấy
the,definite article,a1,mạo từ xác định
theatre,noun,a1,nhà hát
theatrical,adjective,c1,sân khấu
theft,noun,b2,trộm cắp
their,determiner,a1,của họ
theirs,pronoun,b1,của họ
them,pronoun,a1,họ
theme,noun,b1,chủ đề
themselves,pronoun,a2,chính họ
then,adverb,a1,sau đó
theology,noun,c1,thần học
theoretical,adjective,c1,lý thuyết
theory,noun,b1,lý thuyết
therapist,noun,b2,nhà trị liệu
therapy,noun,b2,liệu pháp
there,adverb,a1,ở đó
thereafter,adverb,c1,sau đó
thereby,adverb,c1,do đó
therefore,adverb,b1,do đó
thesis,noun,b2,luận án
they,pronoun,a1,họ
thick,adjective,a2,dày
thief,noun,a2,tên trộm
thin,adjective,a2,mỏng
thing,noun,a1,thứ
think,verb,a1,nghĩ
thinking,noun,a2,suy nghĩ
third,noun,a2,một phần ba
third,ordinal number,a1,thứ ba
thirsty,adjective,a1,khát
thirteen,number,a1,mười ba
thirty,number,a1,ba mươi
this,adverb,b1,ở mức độ hoặc
this,determiner,a1,cái này
this,pronoun,a1,cái này
thorough,adjective,b2,kỹ lưỡng
thoroughly,adverb,b2,triệt để
though,adverb,b1,tuy nhiên
though,conjunction,b1,dù
thought,noun,a2,suy nghĩ
thought-provoking,adjective,c1,kích thích tư duy
thoughtful,adjective,c1,chu đáo
thousand,number,a1,nghìn
thread,noun,c1,sợi chỉ
threat,noun,b2,mối đe dọa
threaten,verb,b2,đe dọa
three,number,a1,ba
threshold,noun,c1,ngưỡng
thrilled,adjective,c1,vui mừng
thrive,verb,c1,phát triển mạnh
throat,noun,b1,cổ họng
through,adverb,a1,qua
through,preposition,a1,qua
throughout,adverb,b1,từ đầu đến cuối
throughout,preposition,b1,từ đầu đến cuối
throw,verb,a2,ném
thumb,noun,b2,ngón tay cái
Thursday,noun,a1,thứ năm
thus,adverb,b2,do đó
ticket,noun,a1,vé
tide,noun,c1,thủy triều
tidy,adjective,a2,sạch sẽ
tidy,verb,a2,+ up làm cho
tie,noun,a2,dây buộc
tie,verb,a2,buộc
tight,adjective,b1,chặt chẽ
tighten,verb,c1,thắt chặt
till,conjunction,b1,cho đến khi
till,preposition,b1,đến
timber,noun,c1,gỗ
time,noun,a1,thời gian
time,verb,b2,chọn thời gian
timely,adjective,c1,kịp thời
timing,noun,b2,thời gian
tin,noun,b1,thiếc
tiny,adjective,b1,nhỏ bé
tip,noun,a2,tiền boa
tip,verb,b1,báo cho cảnh sát
tired,adjective,a1,mệt mỏi
tissue,noun,b2,mô
title,noun,a1,tựa đề
title,verb,b2,tiêu đề
to,infinitive marker,a1,đến
to,preposition,a1,đến
tobacco,noun,c1,thuốc lá
today,adverb,a1,vào ngày này
today,noun,a1,hôm nay
toe,noun,b1,ngón chân
together,adverb,a1,cùng nhau
toilet,noun,a1,nhà vệ sinh
tolerance,noun,c1,sự khoan dung
tolerate,verb,c1,chịu đựng
toll,noun,c1,phí
tomato,noun,a1,cà chua
tomorrow,adverb,a1,mai
tomorrow,noun,a1,ngày mai
ton,noun,b2,tấn
tone,noun,b2,giai điệu
tongue,noun,b1,lưỡi
tonight,adverb,a1,đêm nay
tonight,noun,a1,tối nay
tonne,noun,b2,tấn
too,adverb,a1,quá
tool,noun,a2,công cụ
tooth,noun,a1,răng
top,adjective,a2,hàng đầu
top,noun,a2,đỉnh
top,verb,c1,hàng đầu
topic,noun,a1,chủ đề
torture,noun,c1,sự tra tấn
torture,verb,c1,tra tấn
toss,verb,c1,ném
total,adjective,b1,tổng cộng
total,noun,b1,tổng số
total,verb,c1,cộng
totally,adverb,b1,hoàn toàn
touch,noun,b1,sự sờ
touch,verb,a2,chạm
tough,adjective,b2,cứng rắn
tour,noun,a2,cuộc đi
tour,verb,b1,đi
tourism,noun,a2,du lịch
tourist,noun,a1,khách du lịch
tournament,noun,b2,giải đấu
towards,preposition,a2,hướng tới
towel,noun,a2,khăn
tower,noun,a2,tháp
town,noun,a1,thị trấn
toxic,adjective,c1,độc hại
toy,adjective,a2,đồ chơi
toy,noun,a2,đồ chơi
trace,noun,c1,dây kéo
trace,verb,b2,vạch
track,noun,a2,dấu
track,verb,b2,theo vết
trade,noun,b1,nghề
trade,verb,b1,buôn bán
trademark,noun,c1,nhãn hiệu
trading,noun,b2,giao dịch
tradition,noun,a2,truyền thống
traditional,adjective,a2,truyền thống
traffic,noun,a1,giao thông
tragedy,noun,b2,bi kịch
tragic,adjective,b2,bi thảm
trail,noun,c1,vạch
trail,verb,c1,kéo
trailer,noun,c1,xe kéo
train,noun,a1,xe lửa
train,verb,a2,dạy
trainer,noun,a2,huấn luyện viên
training,noun,a2,đào tạo
trait,noun,b2,đặc điểm
transaction,noun,c1,giao dịch
transcript,noun,c1,bản ghi
transfer,noun,b2,sự di chuyển
transfer,verb,b2,dời
transform,verb,b2,biến đổi
transformation,noun,c1,sự biến đổi
transit,noun,c1,quá cảnh
transition,noun,b2,sự chuyển tiếp
translate,verb,b1,dịch
translation,noun,b1,bản dịch
transmission,noun,c1,sự truyền tải
transmit,verb,b2,truyền
transparency,noun,c1,sự minh bạch
transparent,adjective,c1,trong suốt
transport,noun,a2,sự chuyên chở
transport,verb,b1,chuyên chở
transportation,noun,b2,vận chuyển
trap,noun,b2,đồ đạc quần áo
trap,verb,b2,đặt bẫy
trauma,noun,c1,chấn thương
travel,noun,a1,sự đi du lịch
travel,verb,a1,đi du lịch
traveller,noun,a2,lữ khách
treasure,noun,b2,kho báu
treat,verb,b1,chữa trị
treatment,noun,b1,điều trị
treaty,noun,c1,hiệp ước
tree,noun,a1,cây
tremendous,adjective,c1,to lớn
trend,noun,b1,xu hướng
trial,noun,b2,thử nghiệm
tribal,adjective,c1,bộ lạc
tribe,noun,b2,bộ lạc
tribunal,noun,c1,tòa án
tribute,noun,c1,cống nạp
trick,noun,b1,mưu mẹo
trick,verb,b1,lừa
trigger,noun,c1,cò súng
trigger,verb,b2,gây ra
trillion,number,b2,nghìn tỷ
trio,noun,c1,bộ ba
trip,noun,a1,cuộc đi chơi
trip,verb,b2,bước nhẹ
triumph,noun,c1,chiến thắng
troop,noun,b2,đội quân
trophy,noun,c1,chiếc cúp
tropical,adjective,b2,nhiệt đới
trouble,noun,a2,điều lo lắng
trouble,verb,b2,làm đục
troubled,adjective,c1,rắc rối
trousers,noun,a1,quần
truck,noun,a2,xe tải
true,adjective,a1,đúng
truly,adverb,b2,thực sự
trust,noun,b2,sự tín nhiệm
trust,verb,b2,tin
trustee,noun,c1,người được ủy thác
truth,noun,b1,sự thật
try,noun,b2,sự thử
try,verb,a1,thử
tsunami,noun,b2,sóng thần
tube,noun,b1,ống
Tuesday,noun,a1,thứ ba
tuition,noun,c1,học phí
tune,noun,b2,giai điệu
tunnel,noun,b2,đường hầm
turn,noun,a1,sự quay
turn,verb,a1,quay
turnout,noun,c1,số cử tri đi
turnover,noun,c1,doanh thu
TV,noun,a1,truyền hình
twelve,number,a1,mười hai
twenty,number,a1,hai mươi
twice,adverb,a1,hai lần
twin,adjective,a2,sinh đôi
twin,noun,a2,trẻ sinh đôi
twist,noun,c1,sự xoắn
twist,verb,c1,xoắn
two,number,a1,hai
type,noun,a1,kiểu mẫu
type,verb,b1,đánh máy
typical,adjective,a2,điển hình
typically,adverb,b1,thông thường
tyre,noun,b1,lốp xe
ugly,adjective,b1,xấu xí
ultimate,adjective,b2,cuối cùng
ultimately,adverb,b2,cuối cùng
umbrella,noun,a1,chiếc ô
unable,adjective,b1,không thể
unacceptable,adjective,b2,không thể chấp nhận
uncertainty,noun,b2,sự không chắc chắn
uncle,noun,a1,chú
uncomfortable,adjective,b1,khó chịu
unconscious,adjective,b2,vô thức
under,adverb,a1,dưới
under,preposition,a1,dưới
undergo,verb,b2,trải qua
undergraduate,noun,c1,đại học
underground,adjective,a2,dưới đất
underground,adverb,a2,dưới đất
underlying,adjective,c1,cơ bản
undermine,verb,c1,làm suy yếu
understand,verb,a1,hiểu
understanding,noun,a2,sự hiểu biết
undertake,verb,b2,đảm nhận
underwear,noun,b1,đồ lót
undoubtedly,adverb,c1,chắc chắn
unemployed,adjective,b1,thất nghiệp
unemployment,noun,b1,thất nghiệp
unexpected,adjective,b2,bất ngờ
unfair,adjective,b1,không công bằng
unfold,verb,b2,mở ra
unfortunate,adjective,b2,không may
unfortunately,adverb,a2,không may
unhappy,adjective,a2,không vui
uniform,noun,a2,đồng phục
unify,verb,c1,thống nhất
union,noun,b1,công đoàn
unique,adjective,b2,độc đáo
unit,noun,a2,đơn vị
unite,verb,b2,đoàn kết
united,adjective,a2,thống nhất
unity,noun,b2,sự đoàn kết
universal,adjective,b2,phổ quát
universe,noun,b2,vũ trụ
university,noun,a1,đại học
unknown,adjective,b2,chưa biết
unless,conjunction,b1,trừ khi
unlike,preposition,b1,không giống
unlikely,adjective,b1,không thể
unnecessary,adjective,b1,không cần thiết
unpleasant,adjective,b1,khó chịu
unprecedented,adjective,c1,chưa từng có
until,conjunction,a1,cho đến khi
until,preposition,a1,cho đến khi
unusual,adjective,a2,bất thường
unveil,verb,c1,tiết lộ
up,adverb,a1,ở trên
up,preposition,a1,lên
upcoming,adjective,c1,sắp tới
update,noun,b1,sự cập nhật hoá
update,verb,b1,làm cho cập nhật
upgrade,noun,c1,nâng cấp
upgrade,verb,c1,đưa lên cấp bậc
uphold,verb,c1,ủng hộ
upon,preposition,b1,trên
upper,adjective,b2,phía trên
upset,adjective,b1,khó chịu
upset,verb,b1,làm đổ
upstairs,adjective,a2,tầng trên
upstairs,adverb,a1,ở trên gác
upwards,adverb,b2,trở lên
urban,adjective,b2,đô thị
urge,verb,b2,thúc giục
urgent,adjective,b2,khẩn cấp
us,pronoun,a1,chúng tôi
usage,noun,b2,cách sử dụng
use,noun,a2,sự dùng
use,verb,a1,dùng
used,adjective,b1,được sử dụng
used to,modal verb,a2,đã từng
useful,adjective,a1,hữu ích
useless,adjective,b2,vô dụng
user,noun,a2,người dùng
usual,adjective,a2,thông thường
usually,adverb,a1,thường
utility,noun,c1,tiện ích
utilize,verb,c1,sử dụng
utterly,adverb,c1,hoàn toàn
vacation,noun,a1,kỳ nghỉ
vacuum,noun,c1,chân không
vague,adjective,c1,mơ hồ
valid,adjective,b2,hợp lệ
validity,noun,c1,tính hợp lệ
valley,noun,a2,thung lũng
valuable,adjective,b1,có giá trị
value,noun,b1,giá trị
value,verb,b2,định giá
van,noun,a2,van
vanish,verb,c1,biến mất
variable,adjective,c1,có thể thay đổi
variable,noun,c1,biến số
variation,noun,b2,biến thể
varied,adjective,c1,đa dạng
variety,noun,a2,sự đa dạng
various,adjective,b1,khác nhau
vary,verb,b2,khác nhau
vast,adjective,b2,rộng lớn
vegetable,noun,a1,rau
vehicle,noun,a2,phương tiện
vein,noun,c1,tĩnh mạch
venture,noun,c1,việc mạo hiểm
venture,verb,c1,liều
venue,noun,b2,địa điểm
verbal,adjective,c1,bằng lời nói
verdict,noun,c1,phán quyết
verify,verb,c1,xác minh
verse,noun,c1,câu thơ
version,noun,b1,phiên bản
versus,preposition,c1,so với
vertical,adjective,b2,dọc
very,adjective,b2,thực
very,adverb,a1,rất
vessel,noun,c1,tàu
veteran,noun,c1,cựu chiến binh
via,preposition,b2,qua
viable,adjective,c1,khả thi
vibrant,adjective,c1,sôi động
vice,noun,c1,phó
vicious,adjective,c1,luẩn quẩn
victim,noun,b1,nạn nhân
victory,noun,b2,chiến thắng
video,noun,a1,video
view,noun,a2,sự nhìn
view,verb,b1,thấy
viewer,noun,b1,người xem
viewpoint,noun,b2,quan điểm
village,noun,a1,làng
villager,noun,c1,dân làng
violate,verb,c1,vi phạm
violation,noun,c1,vi phạm
violence,noun,b2,bạo lực
violent,adjective,b1,bạo lực
virtual,adjective,b2,ảo
virtue,noun,c1,đức hạnh
virus,noun,a2,virus
visa,noun,b2,thị thực
visible,adjective,b2,có thể nhìn thấy
vision,noun,b2,tầm nhìn
visit,noun,a1,sự đi thăm
visit,verb,a1,đi thăm hỏi
visitor,noun,a1,du khách
visual,adjective,b2,trực quan
vital,adjective,b2,quan trọng
vitamin,noun,b2,vitamin
vocal,adjective,c1,phát âm
voice,noun,a2,giọng nói
volume,noun,b2,khối lượng
voluntary,adjective,b2,tự nguyện
volunteer,noun,b1,quân tình nguyện
volunteer,verb,b1,tình nguyện
vote,noun,b1,sự bỏ phiếu
vote,verb,b1,bỏ phiếu
voting,noun,b2,bỏ phiếu
vow,verb,c1,lời thề
vulnerability,noun,c1,tính dễ bị tổn
vulnerable,adjective,c1,dễ bị tổn thương
wage,noun,b2,tiền lương
wait,noun,a2,sự chờ đợi
wait,verb,a1,chờ
waiter,noun,a1,bồi bàn
wake,verb,a1,thức dậy
walk,noun,a1,sự đi bộ
walk,verb,a1,đi
wall,noun,a1,bức tường
wander,verb,b2,lang thang
want,verb,a1,muốn
war,noun,a2,chiến tranh
ward,noun,c1,phường
warehouse,noun,c1,kho
warfare,noun,c1,chiến tranh
warm,adjective,a1,nóng: có nhiệt độ
warm,verb,b1,ấm áp
warming,noun,b2,sự nóng lên
warn,verb,b1,cảnh báo
warning,noun,b1,cảnh báo
warrant,noun,c1,sự cho phép
warrant,verb,c1,biện hộ cho
warrior,noun,c1,chiến binh
wash,noun,a2,sự tắm rửa
wash,verb,a1,rửa
washing,noun,a2,giặt
waste,adjective,b1,bỏ hoang
waste,noun,b1,sa mạc
waste,verb,b1,lãng phí
watch,noun,a1,đồng hồ quả quít
watch,verb,a1,thức canh
water,noun,a1,nước
water,verb,b1,tặng nước
wave,noun,a2,sóng
wave,verb,b1,gợn sóng
way,adverb,b2,cách
way,noun,a1,đường
we,pronoun,a1,chúng tôi
weak,adjective,a2,yếu
weaken,verb,c1,làm suy yếu
weakness,noun,b2,điểm yếu
wealth,noun,b2,sự giàu có
wealthy,adjective,b2,giàu có
weapon,noun,b1,vũ khí
wear,verb,a1,mặc
weather,noun,a1,thời tiết
weave,verb,c1,dệt
web,noun,a2,mạng
website,noun,a1,trang web
wedding,noun,a2,đám cưới
Wednesday,noun,a1,thứ tư
weed,noun,c1,cỏ dại
week,noun,a1,tuần
weekend,noun,a1,cuối tuần
weekly,adjective,b2,hàng tuần
weigh,verb,b1,cân
weight,noun,a2,trọng lượng
weird,adjective,b2,kỳ lạ
welcome,adjective,a1,được tiếp đi ân
welcome,exclamation,a1,chào mừng
welcome,noun,a2,sự được tiếp đi
welcome,verb,a1,đón tiếp ân cần
welfare,noun,b2,phúc lợi
well,adjective,a1,tốt
well,adverb,a1,tốt
well,exclamation,a1,à
well,noun,c1,điều tốt
well-being,noun,c1,sự an lành
west,adjective,a1,tây
west,adverb,a1,về hướng tây
west,noun,a1,hướng tây
western,adjective,b1,phương tây
wet,adjective,a2,ướt
what,determiner,a1,cái gì
what,pronoun,a1,cái mà
whatever,adverb,c1,bất cứ điều gì
whatever,determiner,b1,bất cứ điều gì
whatever,pronoun,b1,bất cứ điều gì
whatsoever,adverb,c1,bất cứ điều gì
wheat,noun,b2,lúa mì
wheel,noun,a2,bánh xe
when,adverb,a1,khi nào
when,conjunction,a1,khi
when,pronoun,a1,khi mà
whenever,conjunction,b1,bất cứ khi nào
where,adverb,a1,đâu
where,conjunction,a1,ở đâu
whereas,conjunction,b2,trong khi đó
whereby,adverb,c1,nhờ đó
wherever,conjunction,b2,bất cứ nơi nào
whether,conjunction,b1,liệu
which,determiner,a1,cái nào
which,pronoun,a1,cái nào
while,conjunction,a2,trong lúc
while,noun,b1,lúc
whilst,conjunction,c1,trong khi
whip,verb,c1,roi
whisper,noun,b2,tiếng nói thầm
whisper,verb,b2,nói thầm
white,adjective,a1,trắng
white,noun,a1,trắng
who,pronoun,a1,ai
whoever,pronoun,b2,bất cứ ai
whole,adjective,a2,bình an vô sự
whole,noun,b1,toàn bộ
wholly,adverb,c1,hoàn toàn
whom,pronoun,b2,ai
whose,determiner,a2,của ai
whose,pronoun,a2,của ai
why,adverb,a1,tại sao
wide,adjective,a2,rộng
widely,adverb,b2,rộng rãi
widen,verb,c1,mở rộng
widespread,adjective,b2,rộng rãi
widow,noun,c1,góa phụ
width,noun,c1,chiều rộng
wife,noun,a1,vợ
wild,adjective,a2,hoang dã
wildlife,noun,b2,động vật hoang dã
will,noun,b1,ý chí
will,modal verb,a1,sẽ
willing,adjective,b2,sẵn lòng
willingness,noun,c1,sự sẵn lòng
win,noun,b1,sự thắng cuộc
win,verb,a1,chiếm
wind,noun,a2,gió
wind,verb,b2,đánh hơi
window,noun,a1,cửa sổ
wine,noun,a1,rượu vang
wing,noun,b1,cánh
winner,noun,a2,người chiến thắng
winter,noun,a1,mùa đông
wipe,verb,c1,lau
wire,noun,b2,dây
wisdom,noun,b2,trí tuệ
wise,adjective,b2,khôn ngoan
wish,noun,a2,lòng mong muốn
wish,verb,a2,muốn
wit,noun,c1,trí thông minh
with,preposition,a1,với
withdraw,verb,b2,rút lại
withdrawal,noun,c1,sự rút lui
within,preposition,b1,bên trong
without,preposition,a1,không có
witness,noun,b2,sự làm chứng
witness,verb,b2,chứng kiến
woman,noun,a1,người phụ nữ
wonder,noun,b1,vật kỳ diệu
wonder,verb,b1,ngạc nhiên
wonderful,adjective,a1,tuyệt vời
wood,noun,a2,gỗ
wooden,adjective,a2,gỗ
wool,noun,b1,len
word,noun,a1,từ
work,noun,a1,sự làm việc
work,verb,a1,làm việc
worker,noun,a1,công nhân
workforce,noun,b2,lực lượng lao động
working,adjective,a2,làm việc
workout,noun,c1,tập luyện
workplace,noun,b2,nơi làm việc
workshop,noun,b2,xưởng
world,noun,a1,thế giới
worldwide,adjective,b1,trên toàn thế giới
worldwide,adverb,b1,trên toàn thế giới
worm,noun,b2,con sâu
worried,adjective,a2,lo lắng
worry,noun,b1,sự lo lắng
worry,verb,a2,quấy rầy
worse,adjective,a2,xấu hơn
worse,adverb,b1,xấu hơn
worse,noun,b2,cái xấu hơn
worship,noun,c1,sự thờ cúng
worship,verb,c1,thờ
worst,adjective,a2,xấu nhất
worst,adverb,b1,xấu nhất
worst,noun,b2,cái xấu nhất
worth,adjective,b1,giá
worth,noun,b2,giá
worthwhile,adjective,c1,đáng giá
worthy,adjective,c1,xứng đáng
would,modal verb,a1,sẽ
wound,noun,b2,vết thương
wound,verb,b2,quá khứ và phân
wow,exclamation,a2,ôi
wrap,verb,b2,quấn
wrist,noun,b2,cổ tay
write,verb,a1,viết
writer,noun,a1,nhà văn
writing,noun,a1,viết
written,adjective,b1,viết
wrong,adjective,a1,xấu
wrong,adverb,b1,sai
wrong,noun,b2,điều xấu
yard,noun,b1,sân
yeah,exclamation,a1,ừ
year,noun,a1,năm
yell,verb,c1,la hét
yellow,adjective,a1,vàng
yellow,noun,a1,màu vàng
yes,exclamation,a1,vâng
yesterday,adverb,a1,hôm qua
yesterday,noun,a1,hôm qua
yet,adverb,a2,còn
yet,conjunction,b2,nhưng mà
yield,noun,c1,sản lượng
yield,verb,c1,sản xuất
you,pronoun,a1,bạn
young,adjective,a1,trẻ
young,noun,b1,thú con
youngster,noun,c1,chàng trai trẻ
your,determiner,a1,của bạn
yours,pronoun,a2,của bạn
yourself,pronoun,a1,chính bạn
youth,noun,b1,tuổi trẻ
zero,number,a2,không
zone,noun,b2,khu vực
